,STT_NAAM,MAX_SNELHEID,WKT_LAT_LNG
289,Stadionweg,30,"52.345749 4.861651,52.345674 4.861677"
403,Amstelveenseweg,0,"52.321578 4.857431,52.321655 4.857436"
837,Kinkerstraat,50,"52.367284 4.872143,52.367589 4.873223"
841,Kinkerstraat,50,"52.364767 4.862686,52.365156 4.864298"
845,Kinkerstraat,50,"52.367206 4.872139,52.367243 4.872274"
853,Kinkerstraat,50,"52.364397 4.860813,52.364439 4.861007,52.364826 4.862556"
857,Kinkerstraat,50,"52.367518 4.87327,52.367672 4.873824"
890,Kinkerstraat,50,"52.365496 4.865531,52.365981 4.867512"
894,Kinkerstraat,50,"52.36774 4.873774,52.368006 4.874795"
918,Kinkerstraat,50,"52.367955 4.874828,52.368123 4.875464,52.368336 4.876312"
925,Kinkerstraat,50,"52.366442 4.869454,52.366734 4.87054"
944,Kinkerstraat,50,"52.364397 4.860813,52.364371 4.861077,52.36439 4.86118,52.364767 4.862686"
951,Kinkerstraat,50,"52.367243 4.872274,52.367518 4.87327"
963,Kinkerstraat,50,"52.36649 4.869422,52.366788 4.870501"
969,Kinkerstraat,50,"52.367589 4.873223,52.36774 4.873774"
975,Kinkerstraat,50,"52.365938 4.867541,52.366057 4.868024,52.366442 4.869454"
976,Kinkerstraat,50,"52.366905 4.871112,52.367206 4.872139"
977,Kinkerstraat,50,"52.365461 4.865582,52.365938 4.867541"
982,Kinkerstraat,50,"52.366957 4.871082,52.367176 4.871764,52.367284 4.872143"
1008,Kinkerstraat,50,"52.367672 4.873824,52.367955 4.874828"
1014,Kinkerstraat,50,"52.365981 4.867512,52.366 4.867591,52.366274 4.868631,52.36649 4.869422"
1019,Kinkerstraat,50,"52.366734 4.87054,52.366905 4.871112"
1020,Kinkerstraat,50,"52.368006 4.874795,52.368392 4.876225"
1037,Kinkerstraat,50,"52.365156 4.864298,52.365461 4.865582"
1057,Kinkerstraat,50,"52.364826 4.862556,52.364872 4.862742"
1072,Kinkerstraat,50,"52.364539 4.860326,52.364441 4.860621,52.364397 4.860783,52.364397 4.860813"
1073,Kinkerstraat,50,"52.364872 4.862742,52.365496 4.865531"
1087,Kinkerstraat,50,"52.366788 4.870501,52.366957 4.871082"
1221,Rozengracht,50,"52.372255 4.875844,52.372382 4.87621,52.372419 4.876371,52.372465 4.876546"
1236,Rozengracht,50,"52.372465 4.876546,52.372573 4.877136,52.372594 4.877441"
1243,Rozengracht,50,"52.371826 4.874047,52.372026 4.874804,52.372188 4.875542"
1250,Roelof Hartstraat,50,"52.352723 4.882656,52.352603 4.882969,52.352452 4.88344,52.352383 4.883752,52.352329 4.884125,52.352277 4.884732,52.352238 4.885459,52.352207 4.885841,52.352165 4.886065"
1273,Rozengracht,50,"52.372188 4.875542,52.372255 4.875844"
1291,Rozengracht,50,"52.37174 4.874085,52.371782 4.874249,52.371903 4.874835"
1293,Rozengracht,50,"52.372117 4.875787,52.372284 4.876468"
1299,Roelof Hartstraat,50,"52.352357 4.885198,52.352387 4.884687,52.352406 4.884428,52.352433 4.884205,52.352467 4.884001,52.352529 4.883733,52.352583 4.883527,52.352937 4.882541"
1304,Rozengracht,50,"52.372594 4.877441,52.372832 4.878407"
1327,Rozengracht,50,"52.373986 4.882792,52.373739 4.88179"
1333,Rozengracht,50,"52.373645 4.88185,52.373866 4.88278"
1334,Rozengracht,50,"52.373216 4.879959,52.37328 4.880208"
1335,Rozengracht,50,"52.371903 4.874835,52.371938 4.874973,52.372076 4.875621"
1347,Rozengracht,50,"52.372832 4.878407,52.373216 4.879959"
1367,Rozengracht,50,"52.372076 4.875621,52.372117 4.875787"
1395,Rozengracht,50,"52.37328 4.880208,52.373285 4.880409,52.373645 4.88185"
1415,Rozengracht,50,"52.37328 4.880208,52.373361 4.880363,52.373739 4.88179"
1421,Rozengracht,50,"52.372284 4.876468,52.372473 4.877168,52.372594 4.877441"
1431,Roelof Hartstraat,50,"52.352357 4.885198,52.352317 4.885879,52.352309 4.886095"
1444,Nieuwe Leeuwarderweg,50,"52.389912 4.919931,52.389244 4.918802,52.387592 4.915963"
1448,Nieuwe Leeuwarderweg,50,"52.402686 4.935002,52.402643 4.934977,52.402069 4.934244,52.401969 4.934193"
1459,Nieuwe Leeuwarderweg,50,"52.389571 4.918935,52.38969 4.919141,52.390092 4.919631,52.390389 4.919954,52.390883 4.920298,52.39096 4.920372,52.391002 4.920555,52.390987 4.920705,52.390927 4.920831,52.39083 4.920939,52.390687 4.920916,52.390334 4.920462,52.389984 4.919968,52.389912 4.919931"
1475,Nieuwe Leeuwarderweg,70,"52.391485 4.922107,52.391399 4.922133,52.391036 4.921887,52.390532 4.921558,52.390426 4.921516,52.390312 4.921513,52.390247 4.92153,52.390195 4.921557,52.390066 4.921655,52.38997 4.921712,52.389892 4.921732,52.389814 4.921717,52.389755 4.921694,52.389673 4.921603,52.389599 4.921465,52.389139 4.92039,52.389099 4.920187"
1477,Nieuwe Leeuwarderweg,80,"52.389912 4.919931,52.390015 4.920115,52.39019 4.920374,52.390406 4.920664,52.390663 4.920976,52.390907 4.921234,52.391187 4.921494,52.391432 4.9217,52.391956 4.922063"
1479,Nieuwe Leeuwarderweg,50,"52.389487 4.920019,52.389759 4.920388,52.389827 4.920475,52.390197 4.920915,52.390585 4.921331,52.390954 4.921681,52.391355 4.922013,52.391485 4.922107"
1490,Nieuwe Leeuwarderweg,70,"52.404292 4.933379,52.40437 4.933486,52.404495 4.933639,52.404548 4.933726,52.404607 4.933893,52.404629 4.934053,52.404632 4.934181,52.404621 4.934284,52.404575 4.934506,52.40456 4.934674,52.40457 4.93485,52.40461 4.935016,52.404651 4.935115,52.404719 4.93525,52.404814 4.9354,52.404959 4.935593,52.404982 4.935709"
1496,Nieuwe Leeuwarderweg,80,"52.408924 4.940786,52.409046 4.940737,52.4096 4.941224,52.410466 4.941937,52.412004 4.943228,52.412621 4.943773"
1511,Nieuwe Leeuwarderweg,50,"52.401969 4.934193,52.40204 4.934325,52.403112 4.93572,52.403275 4.935915,52.403373 4.936004,52.403469 4.936047,52.403555 4.936062,52.403646 4.936048,52.403874 4.935958,52.404064 4.935907,52.404188 4.935939,52.404311 4.936042,52.404546 4.936321,52.40466 4.936297"
1516,Nieuwe Leeuwarderweg,80,"52.398867 4.928518,52.399509 4.929395,52.399972 4.930014"
1517,Nieuwe Leeuwarderweg,50,"52.389571 4.918935,52.389745 4.919023,52.390098 4.919509,52.390277 4.91972,52.390424 4.919865,52.390938 4.920218,52.39104 4.920318,52.391098 4.920416,52.391141 4.920561,52.391149 4.920704,52.391146 4.920942,52.391153 4.921074,52.391165 4.921146,52.391201 4.921269,52.391273 4.921429,52.391348 4.921534,52.391465 4.921645,52.391932 4.921976,52.391956 4.922063"
1523,Nieuwe Leeuwarderweg,70,"52.403289 4.934513,52.40466 4.936297"
1532,Nieuwe Leeuwarderweg,70,"52.391485 4.922107,52.392081 4.922548,52.393248 4.923292,52.39399 4.923782,52.395212 4.924678"
1546,Nieuwe Leeuwarderweg,70,"52.406652 4.938535,52.407763 4.939813,52.408796 4.940838,52.408924 4.940786"
1547,Nieuwe Leeuwarderweg,50,"52.403071 4.931937,52.403117 4.932048,52.404428 4.933732,52.4045 4.93388,52.404527 4.93401,52.404535 4.934153,52.404518 4.934316,52.404475 4.934447,52.404417 4.934545,52.404346 4.934582,52.404288 4.934593,52.404191 4.934579,52.404123 4.934531,52.403992 4.934395,52.403904 4.934376"
1551,Nieuwe Leeuwarderweg,70,"52.39529 4.924334,52.396474 4.925383,52.397298 4.926231,52.397709 4.926694,52.398138 4.927196,52.398588 4.927756,52.39903 4.928323,52.399106 4.928406"
1552,Nieuwe Leeuwarderweg,70,"52.384661 4.911501,52.384888 4.91173,52.385128 4.911999,52.385303 4.912224,52.38543 4.912407,52.38568 4.91281,52.385987 4.913356,52.386302 4.913942,52.386888 4.915086,52.387459 4.916264,52.387643 4.916635,52.388066 4.917531,52.388827 4.919052,52.389487 4.920019"
1558,Nieuwe Leeuwarderweg,50,"52.403289 4.934513,52.403328 4.934695,52.403523 4.934975,52.403649 4.93518,52.403735 4.935357,52.403762 4.935481,52.403763 4.935609,52.403737 4.935746,52.40369 4.935841,52.403629 4.935902,52.403554 4.935935,52.403493 4.935941,52.403436 4.935926,52.403346 4.935866,52.403241 4.935744,52.402686 4.935002"
1569,Nieuwe Leeuwarderweg,80,"52.40675 4.938255,52.407277 4.938927,52.40801 4.939741,52.408874 4.940588,52.408924 4.940786"
1572,Nieuwe Leeuwarderweg,70,"52.399106 4.928406,52.39962 4.929112,52.400037 4.92957,52.400482 4.930111,52.402506 4.932677,52.403904 4.934376"
1578,Nieuwe Leeuwarderweg,70,"52.403904 4.934376,52.404177 4.934709,52.40487 4.935583,52.404982 4.935709"
1580,Nieuwe Leeuwarderweg,80,"52.391956 4.922063,52.394333 4.923614,52.39529 4.924334"
1585,Nieuwe Leeuwarderweg,50,"52.389629 4.921291,52.389631 4.921238,52.389582 4.921029,52.389562 4.92097,52.38931 4.920406,52.389282 4.920331,52.389273 4.920278,52.389268 4.920212,52.389271 4.92015,52.389295 4.920046"
1608,Nieuwe Leeuwarderweg,70,"52.384719 4.911327,52.384939 4.911536,52.385246 4.911898,52.385489 4.912232,52.385675 4.912527,52.385942 4.912987,52.386722 4.914465,52.387184 4.915302,52.387592 4.915963"
1610,Nieuwe Leeuwarderweg,50,"52.403071 4.931937,52.403157 4.931962,52.403836 4.932802,52.404246 4.933346,52.404292 4.933379"
1623,Nieuwe Leeuwarderweg,70,"52.40466 4.936297,52.406652 4.938535"
1630,Nieuwe Leeuwarderweg,70,"52.399972 4.930014,52.400273 4.930464,52.401695 4.932298,52.402533 4.933385,52.403289 4.934513"
1632,Nieuwe Leeuwarderweg,70,"52.395212 4.924678,52.395608 4.925023,52.395711 4.925098,52.396445 4.925759,52.396833 4.926131,52.397196 4.926495,52.397819 4.92718,52.39822 4.92766,52.398867 4.928518"
1649,Nieuwe Leeuwarderweg,70,"52.389629 4.921291,52.389606 4.921277,52.38918 4.920336,52.389099 4.920187"
1659,Nieuwe Leeuwarderweg,70,"52.389487 4.920019,52.389517 4.920214,52.389641 4.920415,52.389827 4.920669,52.389975 4.920819,52.39007 4.920934,52.390101 4.921003,52.390132 4.921101,52.390141 4.921212,52.390133 4.921305,52.390114 4.921403,52.390085 4.921473,52.390046 4.921539,52.390006 4.921578,52.389959 4.921608,52.3899 4.921622,52.38985 4.921616,52.389793 4.921583,52.389741 4.921525,52.389696 4.92145,52.389629 4.921291"
1660,Nieuwe Leeuwarderweg,80,"52.404982 4.935709,52.40675 4.938255"
1665,Nieuwe Leeuwarderweg,50,"52.402686 4.935002,52.402658 4.934931,52.402503 4.934692,52.402159 4.934231,52.402146 4.934189,52.402143 4.93415,52.402141 4.934017"
1668,Nieuwe Leeuwarderweg,80,"52.408924 4.940786,52.409011 4.941005,52.409912 4.941744,52.410571 4.942322,52.411238 4.942898,52.411915 4.943466,52.412521 4.943983,52.412558 4.94401"
1671,Nieuwe Leeuwarderweg,50,"52.404292 4.933379,52.404269 4.933306,52.403978 4.932875,52.40379 4.932607,52.403495 4.932218,52.40328 4.931946,52.403256 4.931888,52.40324 4.931823,52.403237 4.931784,52.40324 4.931672"
1684,Ceintuurbaan,50,"52.352732 4.891129,52.352814 4.891751,52.352887 4.892212,52.352976 4.892859,52.353024 4.893304,52.353181 4.894469,52.353202 4.894585"
1690,Vijzelstraat,50,"52.364044 4.892329,52.365037 4.892672"
1694,Vijzelstraat,50,"52.366721 4.893222,52.367125 4.89336"
1697,Gooiseweg,70,"52.325576 4.955577,52.324339 4.956572"
1702,Vijzelstraat,50,"52.364015 4.89251,52.364576 4.892696,52.365022 4.89286"
1708,Gooiseweg,70,"52.331444 4.950297,52.330422 4.951261"
1711,Ceintuurbaan,50,"52.352584 4.889133,52.352608 4.889325,52.352637 4.889714,52.352816 4.891024"
1718,Vijzelstraat,50,"52.365037 4.892672,52.365349 4.892759"
1724,Ceintuurbaan,50,"52.354239 4.899087,52.354881 4.901188"
1733,Vijzelstraat,50,"52.365349 4.892759,52.365506 4.892865,52.3661 4.893061"
1734,Ceintuurbaan,50,"52.352835 4.891141,52.352874 4.891427,52.352927 4.891656,52.352952 4.891877,52.352969 4.892138,52.353304 4.894511"
1741,Vijzelstraat,50,"52.365317 4.892984,52.365911 4.893183,52.366082 4.893225"
1748,Ceintuurbaan,50,"52.355324 4.903113,52.355449 4.903567"
1758,Ceintuurbaan,50,"52.354881 4.901188,52.355568 4.903479"
1774,Ceintuurbaan,50,"52.355568 4.903479,52.356074 4.905006"
1783,Vijzelstraat,50,"52.366082 4.893225,52.366649 4.89338,52.366802 4.893437,52.366946 4.893524"
1784,Gooiseweg,70,"52.324339 4.956572,52.324075 4.956821"
1787,Ceintuurbaan,50,"52.352458 4.889194,52.352732 4.891129"
1791,Vijzelstraat,50,"52.362337 4.891799,52.362959 4.892027"
1797,Gooiseweg,70,"52.324437 4.956292,52.32403 4.956687"
1801,Ceintuurbaan,50,"52.354737 4.901292,52.355324 4.903113"
1805,Vijzelstraat,50,"52.3661 4.893061,52.366721 4.893222"
1810,Vijzelstraat,50,"52.363706 4.892297,52.363791 4.892233,52.364044 4.892329"
1816,Gooiseweg,70,"52.33422 4.946689,52.334011 4.947059,52.333743 4.947516,52.333529 4.947856,52.333269 4.948225,52.333046 4.948491,52.331998 4.949514,52.331228 4.950241"
1818,Ceintuurbaan,50,"52.35216 4.88679,52.35217 4.88698,52.352458 4.889194"
1830,Ceintuurbaan,50,"52.352295 4.886788,52.352287 4.887009,52.352297 4.887111,52.352535 4.888909,52.352569 4.889028,52.352584 4.889133"
1831,Gooiseweg,70,"52.330233 4.95116,52.329732 4.951649,52.328523 4.952746,52.328478 4.952791,52.32837 4.95288,52.327367 4.95377,52.325772 4.955193,52.325584 4.955357"
1834,Gooiseweg,70,"52.325584 4.955357,52.324437 4.956292"
1839,Ceintuurbaan,50,"52.352816 4.891024,52.352835 4.891141"
1840,Vijzelstraat,50,"52.365022 4.89286,52.365317 4.892984"
1847,Gooiseweg,70,"52.330422 4.951261,52.328622 4.952892,52.328586 4.952936,52.328532 4.952981,52.327511 4.9539,52.327404 4.953989,52.326266 4.954998,52.325576 4.955577"
1851,Ceintuurbaan,50,"52.355449 4.903567,52.355921 4.905096"
1869,Vijzelstraat,50,"52.362959 4.892027,52.363706 4.892297"
1897,Gooiseweg,70,"52.331228 4.950241,52.330233 4.95116"
1909,Vijzelstraat,50,"52.363706 4.892297,52.363767 4.892417,52.364015 4.89251"
1916,Gooiseweg,70,"52.334322 4.94684,52.334191 4.947057,52.333914 4.947529,52.333601 4.948031,52.333369 4.948386,52.333163 4.948637,52.332062 4.949734,52.331444 4.950297"
1930,Ceintuurbaan,50,"52.354171 4.899141,52.354193 4.899292,52.354655 4.901044,52.354737 4.901292"
1942,Oude Haagseweg,50,"52.336356 4.815438,52.336361 4.815528,52.336398 4.81566,52.336762 4.816609,52.336889 4.81693,52.33699 4.817266,52.337072 4.817603,52.337091 4.817735"
1949,Oude Haagseweg,60,"52.331996 4.807094,52.33207 4.807336,52.332765 4.80849,52.333098 4.809102,52.333739 4.810471,52.334016 4.811084,52.33434 4.811875,52.335221 4.813708,52.335311 4.813809"
1954,Oude Haagseweg,60,"52.335927 4.814812,52.335847 4.814639"
1958,Oude Haagseweg,60,"52.331721 4.806678,52.331996 4.807094"
1962,Oude Haagseweg,60,"52.335311 4.813809,52.335375 4.813883,52.3355 4.814056,52.335772 4.814629,52.335901 4.814887"
1965,Oude Haagseweg,50,"52.336903 4.817825,52.336976 4.818147,52.337023 4.818454,52.337089 4.819143,52.33711 4.819788,52.337096 4.82061,52.337099 4.82143,52.337077 4.822283,52.33707 4.822782,52.337047 4.82538,52.33705 4.826142,52.337088 4.82645,52.337134 4.826714,52.337198 4.826918,52.33728 4.827152,52.337407 4.827385,52.337524 4.82756,52.337633 4.827676,52.337759 4.827777,52.337858 4.827805,52.33793 4.827833,52.338038 4.827861,52.338119 4.827891,52.338416 4.827886,52.338515 4.827899,52.338649 4.827898,52.33873 4.827911,52.338955 4.827909,52.339063 4.827922,52.339173 4.827928"
2032,Oude Haagseweg,60,"52.335847 4.814639,52.33534 4.813558"
2042,Oude Haagseweg,60,"52.331159 4.808781,52.331179 4.808898,52.331222 4.808984,52.331367 4.809167,52.331398 4.809232,52.331423 4.809336,52.331432 4.809433,52.331427 4.809883"
2045,Oude Haagseweg,60,"52.337091 4.817735,52.336948 4.81781,52.336903 4.817825"
2048,Oude Haagseweg,60,"52.33534 4.813558,52.333925 4.810535,52.333849 4.810344,52.33381 4.810046,52.333807 4.809851"
2052,Oude Haagseweg,60,"52.335901 4.814887,52.336078 4.815288,52.336138 4.815349,52.336236 4.815402,52.336356 4.815438"
2056,Oude Haagseweg,60,"52.333807 4.809851,52.333662 4.809854,52.333547 4.809702,52.333452 4.80949,52.333319 4.809235,52.333035 4.808743,52.332619 4.808047,52.332127 4.807251,52.331996 4.807094"
2057,Oude Haagseweg,60,"52.335927 4.814812,52.335986 4.81496,52.336064 4.81511,52.33617 4.815196,52.33636 4.815294"
2062,Oude Haagseweg,60,"52.332038 4.806522,52.331914 4.806578,52.331839 4.806629,52.331773 4.806728,52.331656 4.807045,52.331474 4.807502,52.331278 4.807978,52.331244 4.80808,52.331223 4.808184,52.331178 4.808489,52.331159 4.808696,52.331159 4.808781"
2068,Oude Haagseweg,50,"52.335901 4.814887,52.33592 4.81527,52.336002 4.815548,52.33631 4.816145,52.33671 4.817094,52.336903 4.817825"
2070,Oude Haagseweg,50,"52.33636 4.815294,52.336352 4.815382,52.336356 4.815438"
2081,Oude Haagseweg,50,"52.337091 4.817735,52.337137 4.818013,52.337193 4.818379,52.337231 4.818726,52.337261 4.819113,52.337268 4.819446,52.337271 4.819957,52.337256 4.821431,52.337238 4.824086,52.337235 4.825216,52.337237 4.825788,52.337248 4.826081,52.337267 4.826301,52.337304 4.826579,52.33735 4.826784,52.337414 4.826974,52.337495 4.827149,52.337586 4.82728,52.337694 4.827411,52.337857 4.827526,52.337938 4.827569,52.338037 4.827597,52.339169 4.827583"
2088,Marnixstraat,30,"52.365153 4.880342,52.364804 4.880643,52.364572 4.880954,52.364416 4.881203,52.364257 4.881431,52.363938 4.881843,52.363824 4.882004,52.363789 4.882196"
2089,Marnixstraat,50,"52.366495 4.879576,52.366397 4.879626,52.365649 4.8799,52.36537 4.88003,52.365325 4.880055"
2091,Marnixstraat,50,"52.378822 4.879396,52.379237 4.879635,52.379635 4.87989"
2092,Marnixstraat,50,"52.365325 4.880055,52.365092 4.880169"
2093,Valkenburgerstraat,50,"52.368939 4.905163,52.369029 4.905169,52.369627 4.906828,52.36998 4.907733,52.370105 4.908075,52.37008 4.908177"
2095,Marnixstraat,50,"52.382012 4.881401,52.382814 4.881921,52.383373 4.882239"
2096,Valkenburgerstraat,50,"52.369996 4.908038,52.370011 4.908178,52.370085 4.908435,52.370152 4.908509"
2097,Marnixstraat,50,"52.371456 4.876073,52.370799 4.876549"
2100,Valkenburgerstraat,50,"52.370152 4.908509,52.370174 4.90871,52.370335 4.90913,52.370503 4.909508"
2103,Marnixstraat,50,"52.365092 4.880169,52.364752 4.880467,52.364591 4.880674,52.364163 4.88134,52.364029 4.881532,52.363817 4.881809,52.363652 4.881901"
2118,Marnixstraat,50,"52.372188 4.875542,52.372076 4.875621"
2121,Marnixstraat,50,"52.383373 4.882239,52.383788 4.88246"
2128,Valkenburgerstraat,70,"52.370152 4.908509,52.370227 4.908594,52.370373 4.908906,52.370624 4.909401,52.37086 4.909825,52.37112 4.910235,52.371438 4.910673,52.371827 4.91112,52.372115 4.911381,52.372314 4.91154,52.372548 4.911699,52.37271 4.9118,52.37307 4.911958,52.37325 4.91203,52.373322 4.912043"
2133,Marnixstraat,50,"52.378443 4.879123,52.378615 4.879251,52.378822 4.879396"
2137,Valkenburgerstraat,100,"52.370503 4.909508,52.370549 4.909612,52.370647 4.909784,52.370794 4.909987,52.371192 4.910529,52.371398 4.910797,52.371782 4.911252,52.372089 4.911543,52.372278 4.911702,52.372495 4.911861,52.37272 4.912021,52.372999 4.912164,52.373179 4.912236,52.373386 4.912307"
2158,Marnixstraat,50,"52.376397 4.877735,52.377551 4.878485"
2159,Marnixstraat,50,"52.375378 4.877092,52.375766 4.877331,52.376397 4.877735"
2164,Marnixstraat,50,"52.368847 4.877873,52.368706 4.877971"
2166,Marnixstraat,50,"52.381598 4.881127,52.382012 4.881401"
2167,Marnixstraat,50,"52.381102 4.880809,52.381598 4.881127"
2168,Valkenburgerstraat,50,"52.368852 4.90493,52.368939 4.905163"
2177,Marnixstraat,50,"52.372076 4.875621,52.371456 4.876073"
2187,Marnixstraat,30,"52.366525 4.879699,52.366255 4.879832,52.365497 4.880125,52.365379 4.880213"
2193,Valkenburgerstraat,50,"52.37008 4.908177,52.370137 4.908335,52.370152 4.908509"
2194,Marnixstraat,50,"52.370799 4.876549,52.37017 4.87701,52.370022 4.877094,52.36985 4.877173,52.369602 4.877333,52.368847 4.877873"
2212,Marnixstraat,50,"52.373995 4.876267,52.374122 4.876298,52.374747 4.876692"
2217,Marnixstraat,50,"52.367067 4.879153,52.366779 4.879357,52.366644 4.879447"
2218,Marnixstraat,50,"52.366644 4.879447,52.366495 4.879576"
2225,Marnixstraat,50,"52.368706 4.877971,52.367307 4.878984,52.367067 4.879153"
2234,Valkenburgerstraat,50,"52.3684 4.904043,52.368516 4.904113,52.368591 4.90429,52.368852 4.90493"
2235,Marnixstraat,30,"52.365379 4.880213,52.365153 4.880342"
2248,Marnixstraat,50,"52.380922 4.880694,52.381102 4.880809"
2250,Marnixstraat,50,"52.3688 4.878051,52.368078 4.87855,52.367107 4.879291"
2254,Valkenburgerstraat,50,"52.370503 4.908952,52.370378 4.908724,52.370225 4.908407,52.370145 4.90823,52.37008 4.908177"
2255,Marnixstraat,50,"52.374747 4.876692,52.375158 4.876956,52.375378 4.877092"
2257,Valkenburgerstraat,50,"52.3684 4.904043,52.368431 4.904201,52.368551 4.904417,52.368818 4.905035,52.368939 4.905163"
2263,Marnixstraat,50,"52.372117 4.875787,52.371892 4.875892,52.370384 4.876964,52.3688 4.878051"
2274,Valkenburgerstraat,50,"52.368939 4.905163,52.368972 4.905342,52.369056 4.905549,52.369996 4.908038"
2286,Marnixstraat,50,"52.379635 4.87989,52.380358 4.880326,52.380869 4.880647,52.380922 4.880694"
2288,Marnixstraat,50,"52.372255 4.875844,52.372192 4.87583,52.372117 4.875787"
2289,Marnixstraat,50,"52.372255 4.875844,52.372354 4.875872,52.372634 4.875881,52.373995 4.876267"
2297,Valkenburgerstraat,50,"52.369996 4.908038,52.370057 4.908115,52.37008 4.908177"
2306,Marnixstraat,50,"52.367107 4.879291,52.366525 4.879699"
2310,Hobbemakade,50,"52.354612 4.886395,52.354289 4.886428,52.354028 4.886416"
2313,Hobbemakade,50,"52.351429 4.886005,52.351995 4.886028,52.352165 4.886065"
2327,Hobbemakade,50,"52.349727 4.885071,52.349808 4.885261,52.349854 4.885451,52.349864 4.885671,52.349847 4.885921"
2333,Hobbemakade,50,"52.353408 4.886362,52.353579 4.886407,52.354028 4.886416"
2339,Postjesweg,50,"52.364737 4.857759,52.36479 4.858427"
2342,Postjesweg,50,"52.364198 4.836571,52.364186 4.836633,52.364158 4.836679,52.364108 4.836715"
2349,Postjesweg,50,"52.364273 4.851271,52.364287 4.852199"
2355,Postjesweg,50,"52.364199 4.844378,52.364258 4.844315,52.364287 4.844262,52.364305 4.844199,52.364307 4.844134"
2357,Postjesweg,50,"52.364082 4.8351,52.364093 4.836009,52.364113 4.836341"
2358,Postjesweg,50,"52.364244 4.840456,52.364234 4.840542,52.364202 4.840604,52.364162 4.840649"
2362,Postjesweg,50,"52.364108 4.836715,52.364109 4.8369,52.364086 4.837113"
2368,Hobbemakade,50,"52.349847 4.885921,52.350692 4.885999,52.351429 4.886005"
2372,Postjesweg,50,"52.364303 4.853063,52.364303 4.853254"
2379,Hobbemakade,50,"52.355699 4.88628,52.354612 4.886395"
2391,Postjesweg,50,"52.364045 4.835102,52.364046 4.83634"
2393,Postjesweg,50,"52.364162 4.840649,52.364192 4.843921"
2397,Hobbemakade,50,"52.358738 4.886349,52.359682 4.886426,52.359817 4.886469,52.36015 4.886759"
2398,Postjesweg,50,"52.364082 4.840643,52.364114 4.841812,52.364147 4.843913"
2400,Postjesweg,50,"52.364667 4.856831,52.364695 4.857109,52.364737 4.857759"
2403,Postjesweg,50,"52.36481 4.859519,52.364734 4.859751"
2406,Postjesweg,50,"52.364046 4.83634,52.364002 4.836377,52.363971 4.836449,52.363963 4.836536"
2408,Postjesweg,50,"52.364066 4.834447,52.364082 4.8351"
2409,Postjesweg,50,"52.364303 4.853254,52.364304 4.854148"
2414,Postjesweg,50,"52.364117 4.839934,52.364098 4.840013,52.364089 4.84028"
2416,Hobbemakade,50,"52.357614 4.886259,52.358738 4.886349"
2454,Postjesweg,50,"52.364051 4.836719,52.364056 4.836905,52.364086 4.837113"
2458,Hobbemakade,50,"52.352165 4.886065,52.352309 4.886095"
2459,Postjesweg,50,"52.364117 4.839934,52.364141 4.839999,52.364157 4.840279"
2461,Postjesweg,50,"52.364199 4.844378,52.36427 4.850625,52.364273 4.851271"
2466,Postjesweg,50,"52.364095 4.838195,52.364111 4.838276,52.364126 4.838516,52.364118 4.838691,52.364102 4.838814"
2473,Postjesweg,50,"52.364086 4.837113,52.364095 4.838195"
2478,Postjesweg,50,"52.364007 4.834439,52.364045 4.835102"
2494,Postjesweg,50,"52.364304 4.854148,52.3643 4.855208"
2495,Postjesweg,50,"52.364147 4.843913,52.364108 4.843937,52.36405 4.844045,52.364039 4.844079,52.364029 4.844154"
2498,Postjesweg,50,"52.36479 4.858427,52.364847 4.859273,52.364837 4.859413,52.36481 4.859519"
2504,Postjesweg,50,"52.364287 4.852199,52.364299 4.852959,52.364303 4.853063"
2508,Hobbemakade,50,"52.357614 4.886259,52.356876 4.886208,52.356661 4.886211,52.355699 4.88628"
2510,Postjesweg,50,"52.364102 4.838814,52.364117 4.839934"
2511,Postjesweg,50,"52.3643 4.855208,52.364301 4.85547,52.36432 4.855602,52.364593 4.856435,52.364666 4.856772,52.364667 4.856831"
2512,Postjesweg,50,"52.364095 4.838195,52.364081 4.838279,52.364072 4.838511,52.364081 4.838683,52.364102 4.838814"
2517,Postjesweg,50,"52.364089 4.84028,52.364049 4.840307,52.364027 4.840357,52.364009 4.840457"
2519,Hobbemakade,50,"52.352309 4.886095,52.352382 4.886112,52.352859 4.886136,52.352976 4.886164,52.353147 4.886236,52.353408 4.886362"
2524,De Boelelaan,50,"52.334704 4.88446,52.334707 4.884785"
2525,De Boelelaan,50,"52.335018 4.865195,52.33502 4.86766"
2529,Van Baerlestraat,50,"52.353696 4.881616,52.353236 4.881905"
2538,Van Baerlestraat,50,"52.358914 4.878098,52.358974 4.878045,52.359022 4.877974,52.359452 4.877681"
2540,De Boelelaan,50,"52.335001 4.875715,52.334992 4.875847,52.335016 4.87749"
2555,De Boelelaan,50,"52.335007 4.868937,52.334997 4.869688"
2566,De Boelelaan,50,"52.335248 4.857444,52.335253 4.857686"
2581,De Boelelaan,50,"52.334663 4.887031,52.334655 4.887295"
2586,De Boelelaan,50,"52.335016 4.87749,52.335039 4.878399,52.335058 4.878575"
2587,Van Baerlestraat,50,"52.355297 4.880487,52.354769 4.880874"
2590,De Boelelaan,50,"52.334998 4.875034,52.335001 4.875715"
2592,De Boelelaan,50,"52.334655 4.887295,52.334611 4.88753,52.33462 4.889775"
2598,De Boelelaan,50,"52.335058 4.878575,52.335077 4.878766"
2605,De Boelelaan,50,"52.334992 4.871526,52.334995 4.872292"
2612,Van Baerlestraat,50,"52.358801 4.877966,52.358162 4.878408"
2627,De Boelelaan,50,"52.335253 4.857686,52.335234 4.86147,52.335191 4.861761"
2638,Martelaarsgracht,50,"52.377834 4.895949,52.378058 4.896857,52.378132 4.897042"
2643,De Boelelaan,50,"52.335046 4.861745,52.335023 4.862839"
2644,Van Baerlestraat,50,"52.356234 4.88005,52.356087 4.880125"
2645,De Boelelaan,50,"52.335023 4.862839,52.33502 4.864065"
2649,Van Baerlestraat,50,"52.354769 4.880874,52.354281 4.881216"
2654,De Boelelaan,50,"52.335024 4.868687,52.335007 4.868937"
2661,Martelaarsgracht,50,"52.37776 4.896047,52.377961 4.896911,52.378006 4.897161"
2679,De Boelelaan,50,"52.334997 4.869688,52.334986 4.870155,52.334987 4.870521"
2681,De Boelelaan,50,"52.335077 4.878766,52.335123 4.879044,52.335152 4.879513,52.335163 4.879997,52.335147 4.880423,52.334809 4.88342"
2695,De Boelelaan,50,"52.334707 4.884785,52.334663 4.887031"
2703,Van Baerlestraat,50,"52.356178 4.87985,52.356095 4.879905,52.356041 4.87995"
2705,De Boelelaan,50,"52.33502 4.864065,52.335018 4.865195"
2706,De Boelelaan,50,"52.335128 4.857421,52.335103 4.85767"
2710,De Boelelaan,50,"52.33502 4.86766,52.335024 4.868687"
2711,De Boelelaan,50,"52.334719 4.889788,52.334721 4.890155"
2712,De Boelelaan,50,"52.334655 4.887295,52.334718 4.887508,52.334724 4.888122,52.334719 4.889788"
2720,De Boelelaan,50,"52.335103 4.85767,52.335046 4.861745"
2726,Van Baerlestraat,50,"52.353718 4.881766,52.353248 4.882101"
2740,Van Baerlestraat,50,"52.359425 4.877573,52.358801 4.877966"
2742,Van Baerlestraat,50,"52.360105 4.877076,52.359425 4.877573"
2744,Van Baerlestraat,50,"52.355448 4.880548,52.354804 4.881012"
2746,Van Baerlestraat,50,"52.358914 4.878098,52.358354 4.878507,52.358238 4.878598"
2748,De Boelelaan,50,"52.334809 4.88342,52.334704 4.88446"
2750,Van Baerlestraat,50,"52.354281 4.881216,52.353696 4.881616"
2752,De Boelelaan,50,"52.33462 4.889775,52.334622 4.890156"
2763,Van Baerlestraat,50,"52.354804 4.881012,52.354394 4.881296,52.354311 4.881346"
2782,Van Baerlestraat,50,"52.359452 4.877681,52.360129 4.877211"
2784,Van Baerlestraat,50,"52.356087 4.880125,52.356033 4.880155,52.355448 4.880548"
2788,Van Baerlestraat,50,"52.354311 4.881346,52.353718 4.881766"
2805,Van Baerlestraat,50,"52.356041 4.87995,52.355297 4.880487"
2807,De Boelelaan,50,"52.334987 4.870521,52.334992 4.871526"
2897,Sarphatipark,30,"52.353304 4.894511,52.353202 4.894585"
2918,Sarphatipark,50,"52.353304 4.894511,52.354239 4.899087"
2993,Sarphatipark,30,"52.354239 4.899087,52.354171 4.899141"
3001,Sarphatipark,50,"52.353202 4.894585,52.354171 4.899141"
3044,Weesperstraat,50,"52.332544 4.97398,52.331718 4.975758,52.331347 4.976589,52.331264 4.976754,52.331192 4.976869,52.331113 4.976954,52.331032 4.976991,52.330932 4.976976,52.330811 4.976901"
3119,Weesperstraat,50,"52.33717 4.963888,52.337146 4.963999,52.337015 4.964234,52.336328 4.965727,52.33584 4.966776,52.335566 4.967411"
3124,Weesperstraat,50,"52.33389 4.971045,52.333597 4.971696,52.333445 4.97202,52.332544 4.97398"
3347,Weesperstraat,50,"52.335566 4.967411,52.334319 4.970134,52.33389 4.971045"
3399,Nieuwezijds Voorburgwal,50,"52.376631 4.894035,52.376743 4.89423,52.376865 4.8945,52.376997 4.894813,52.377218 4.895091"
3414,Nieuwezijds Voorburgwal,30,"52.370536 4.890195,52.370735 4.89034,52.371239 4.890672,52.371276 4.890701,52.371357 4.890738"
3415,Nieuwezijds Voorburgwal,50,"52.374428 4.891452,52.37476 4.891795"
3416,Nieuwezijds Voorburgwal,50,"52.375301 4.892405,52.375605 4.892809"
3420,Nieuwezijds Voorburgwal,50,"52.375057 4.8921,52.37511 4.892156,52.375301 4.892405"
3427,Nieuwezijds Voorburgwal,50,"52.374124 4.890959,52.37431 4.891188,52.374865 4.891643"
3431,Nieuwezijds Voorburgwal,50,"52.375748 4.893016,52.375996 4.893394,52.376228 4.893785"
3432,Nieuwezijds Voorburgwal,50,"52.374865 4.891643,52.375153 4.891932,52.375374 4.892238,52.375637 4.89259,52.375796 4.892791"
3437,Nieuwezijds Voorburgwal,50,"52.375605 4.892809,52.375671 4.892898,52.375748 4.893016"
3451,Nieuwezijds Voorburgwal,50,"52.373227 4.890401,52.373342 4.890501,52.373614 4.890627"
3470,Nieuwezijds Voorburgwal,30,"52.370608 4.890018,52.370689 4.89009,52.370869 4.890235,52.371248 4.890495,52.37141 4.890552,52.371545 4.89058,52.371679 4.890579"
3477,Nieuwezijds Voorburgwal,30,"52.373142 4.890383,52.372614 4.890451"
3506,Nieuwezijds Voorburgwal,50,"52.37476 4.891795,52.375057 4.8921"
3508,Nieuwezijds Voorburgwal,50,"52.373098 4.890633,52.373154 4.890636,52.373258 4.890681"
3517,Nieuwezijds Voorburgwal,50,"52.373614 4.890627,52.373774 4.890702,52.374072 4.890904,52.374124 4.890959"
3521,Nieuwezijds Voorburgwal,30,"52.368542 4.889028,52.368642 4.889127,52.368735 4.889187,52.368996 4.889258,52.369328 4.889283,52.369616 4.889383,52.36986 4.889542,52.370139 4.889744,52.370608 4.890018"
3536,Nieuwezijds Voorburgwal,50,"52.373142 4.890383,52.373171 4.890386,52.373227 4.890401"
3537,Nieuwezijds Voorburgwal,50,"52.373258 4.890681,52.373614 4.890832"
3538,Nieuwezijds Voorburgwal,50,"52.372624 4.890671,52.372929 4.890623,52.373098 4.890633"
3539,Nieuwezijds Voorburgwal,12,"52.377582 4.895466,52.377653 4.895283"
3541,Nieuwezijds Voorburgwal,50,"52.373614 4.890832,52.373838 4.890951,52.374145 4.891197"
3546,Nieuwezijds Voorburgwal,50,"52.376621 4.894459,52.376874 4.894926"
3558,Nieuwezijds Voorburgwal,50,"52.377582 4.895466,52.377722 4.89561"
3564,Nieuwezijds Voorburgwal,50,"52.377218 4.895091,52.377361 4.895259,52.377478 4.89536,52.377582 4.895466"
3569,Nieuwezijds Voorburgwal,12,"52.377491 4.895615,52.377582 4.895466"
3570,Nieuwezijds Voorburgwal,30,"52.372624 4.890671,52.372453 4.890717,52.371932 4.890752"
3572,Nieuwezijds Voorburgwal,50,"52.375796 4.892791,52.375977 4.893027,52.376049 4.893144,52.376275 4.89345,52.376474 4.893759,52.376631 4.894035"
3581,Nieuwezijds Voorburgwal,30,"52.372614 4.890451,52.372183 4.890544"
3583,Nieuwezijds Voorburgwal,50,"52.374145 4.891197,52.374334 4.891357,52.374428 4.891452"
3584,Nieuwezijds Voorburgwal,30,"52.371932 4.890752,52.371716 4.890769,52.371357 4.890738"
3590,Nieuwezijds Voorburgwal,30,"52.368627 4.889203,52.368762 4.88929,52.368852 4.889333,52.368894 4.889344"
3600,Nieuwezijds Voorburgwal,50,"52.376228 4.893785,52.376548 4.894328,52.376621 4.894459"
3605,Nieuwezijds Voorburgwal,50,"52.377491 4.895615,52.377615 4.895726,52.377696 4.895857,52.377751 4.896003,52.37776 4.896047"
3607,Nieuwezijds Voorburgwal,50,"52.377019 4.895145,52.377064 4.895203,52.377491 4.895615"
3615,Nieuwezijds Voorburgwal,30,"52.372183 4.890544,52.371679 4.890579"
3618,Nieuwezijds Voorburgwal,50,"52.376874 4.894926,52.376938 4.895043,52.377019 4.895145"
3619,Nieuwezijds Voorburgwal,30,"52.368894 4.889344,52.369167 4.889388,52.369354 4.889404,52.369541 4.889473,52.369707 4.889571,52.370413 4.890026,52.370536 4.890195"
3650,Spaarndammerdijk,50,"52.393221 4.867229,52.393237 4.867834,52.393245 4.868957,52.393227 4.869951,52.393153 4.871089,52.393001 4.87236,52.39294 4.872756"
3747,Spaarndammerdijk,50,"52.39223 4.877465,52.391928 4.877806,52.391767 4.877999,52.391669 4.878143,52.391628 4.878227"
3770,Spaarndammerdijk,50,"52.39294 4.872756,52.392905 4.873021,52.392879 4.873256,52.392854 4.873603,52.39282 4.876271,52.392793 4.876501,52.392753 4.876651,52.392698 4.876782,52.392623 4.876904,52.39223 4.877465"
3792,Spaarndammerdijk,50,"52.393065 4.868575,52.393031 4.869023,52.393035 4.869758,52.393058 4.871021,52.393042 4.871462,52.392956 4.872256"
3829,Stadionweg,50,"52.348838 4.88332,52.349355 4.884356"
3835,Weesperstraat,50,"52.366229 4.90501,52.36536 4.905537"
3841,Stadionweg,50,"52.346767 4.873892,52.346827 4.875315"
3863,Stadionweg,50,"52.345227 4.858846,52.345297 4.859017,52.34535 4.859293,52.345395 4.859621"
3866,Stadionweg,50,"52.345749 4.861651,52.345819 4.862173,52.345829 4.862403,52.34582 4.86256"
3871,Weesperstraat,50,"52.362563 4.90724,52.362294 4.90739"
3881,Weesperstraat,50,"52.364275 4.906047,52.363647 4.906451"
3883,Weesperstraat,50,"52.36501 4.905584,52.364275 4.906047"
3890,Stadionweg,50,"52.346591 4.868596,52.346621 4.869359,52.346663 4.870797,52.346683 4.871163,52.346683 4.871237"
3894,Weesperstraat,50,"52.361827 4.907498,52.361213 4.907845"
3897,Stadionweg,50,"52.346887 4.876899,52.346928 4.877911"
3899,Stadionweg,50,"52.348485 4.882604,52.348621 4.882882"
3901,Weesperstraat,50,"52.364299 4.906187,52.363675 4.906583"
3917,Stadionweg,50,"52.345479 4.859579,52.345498 4.859802,52.345621 4.860807"
3920,Weesperstraat,50,"52.363379 4.906747,52.362563 4.90724"
3924,Weesperstraat,50,"52.36336 4.90663,52.362535 4.907094"
3931,Weesperstraat,50,"52.361854 4.907659,52.361343 4.907958,52.361245 4.908003"
3944,Stadionweg,50,"52.34582 4.86256,52.345902 4.863174"
3958,Stadionweg,50,"52.346878 4.876708,52.346887 4.876899"
3963,Stadionweg,50,"52.34543 4.859018,52.345479 4.859579"
3973,Weesperstraat,50,"52.362266 4.907244,52.361827 4.907498"
3980,Stadionweg,50,"52.347179 4.879948,52.347599 4.880825"
3983,Stadionweg,50,"52.347599 4.880825,52.348013 4.881626"
3985,Stadionweg,50,"52.346134 4.864903,52.346246 4.865768"
4007,Stadionweg,50,"52.346827 4.875315,52.346878 4.876708"
4008,Stadionweg,50,"52.345674 4.861677,52.345784 4.862436,52.34582 4.86256"
4016,Stadionweg,50,"52.345099 4.858002,52.345227 4.858846"
4019,Weesperstraat,50,"52.362535 4.907094,52.362266 4.907244"
4032,Weesperstraat,50,"52.365332 4.90539,52.36501 4.905584"
4060,Weesperstraat,50,"52.365046 4.90576,52.364984 4.905805,52.364299 4.906187"
4062,Stadionweg,50,"52.345395 4.859621,52.345674 4.861677"
4065,Stadionweg,50,"52.346928 4.877911,52.347007 4.879598,52.347179 4.879948"
4068,Stadionweg,50,"52.346013 4.864024,52.346134 4.864903"
4075,Weesperstraat,50,"52.366201 4.904889,52.365332 4.90539"
4077,Stadionweg,50,"52.345258 4.857963,52.34543 4.859018"
4082,Weesperstraat,50,"52.36536 4.905537,52.365046 4.90576"
4088,Stadionweg,50,"52.348013 4.881626,52.348485 4.882604"
4089,Weesperstraat,50,"52.363647 4.906451,52.36336 4.90663"
4090,Weesperstraat,50,"52.363675 4.906583,52.363379 4.906747"
4097,Stadionweg,50,"52.345621 4.860807,52.345749 4.861651"
4105,Stadionweg,50,"52.345902 4.863174,52.346013 4.864024"
4112,Weesperstraat,50,"52.362294 4.90739,52.361854 4.907659"
4114,Stadionweg,50,"52.348621 4.882882,52.348711 4.883086,52.348838 4.88332"
4129,Johan Huizingalaan,50,"52.342595 4.827819,52.342379 4.827836,52.341417 4.827863"
4145,Johan Huizingalaan,50,"52.358304 4.826927,52.358257 4.826886,52.358187 4.82685,52.358108 4.826838,52.35747 4.826861,52.357412 4.826882,52.357355 4.82692,52.357311 4.826973"
4156,Johan Huizingalaan,50,"52.358304 4.826927,52.358457 4.827083,52.358522 4.827125,52.358596 4.827149,52.358693 4.827161,52.359157 4.827135,52.359201 4.827187"
4167,Johan Huizingalaan,50,"52.345631 4.827443,52.346727 4.8274,52.346815 4.827421"
4172,Johan Huizingalaan,50,"52.356226 4.827295,52.354708 4.827329"
4181,Johan Huizingalaan,50,"52.36213 4.827074,52.361627 4.82708,52.359201 4.827187"
4207,Rhijnspoorplein,50,"52.361213 4.907845,52.36117 4.907868"
4215,Johan Huizingalaan,50,"52.341417 4.827863,52.340609 4.827917,52.339512 4.827946,52.339173 4.827928"
4223,Johan Huizingalaan,50,"52.346844 4.827633,52.346908 4.827632"
4230,Johan Huizingalaan,50,"52.359201 4.827187,52.359159 4.827253,52.358685 4.827265,52.358604 4.82728,52.358538 4.827301,52.358475 4.827344,52.358319 4.827497"
4231,Johan Huizingalaan,50,"52.357292 4.827515,52.357357 4.827565,52.357448 4.827623"
4233,Johan Huizingalaan,50,"52.351464 4.827309,52.352452 4.827328,52.35256 4.827385"
4241,Johan Huizingalaan,50,"52.356226 4.827295,52.356352 4.827402,52.356966 4.827382,52.357051 4.827389,52.357126 4.82741,52.357212 4.827454,52.357292 4.827515"
4255,Johan Huizingalaan,50,"52.348195 4.827399,52.349971 4.82733,52.351305 4.827332,52.351372 4.827308"
4267,Johan Huizingalaan,50,"52.351372 4.827308,52.351464 4.827309"
4291,Johan Huizingalaan,50,"52.363999 4.827035,52.364034 4.827031"
4292,Johan Huizingalaan,50,"52.357448 4.827623,52.357516 4.82764,52.358126 4.827622"
4296,Johan Huizingalaan,50,"52.349262 4.827588,52.349083 4.827576,52.348184 4.827631"
4302,Johan Huizingalaan,50,"52.351455 4.827472,52.351257 4.827504,52.350017 4.827549"
4303,Johan Huizingalaan,50,"52.357311 4.826973,52.357232 4.827033,52.357097 4.827108,52.356882 4.827154,52.356352 4.827176,52.356226 4.827295"
4337,Johan Huizingalaan,50,"52.345631 4.827443,52.345082 4.827465,52.344768 4.827483,52.344544 4.827545,52.343969 4.827581,52.34342 4.827603,52.343124 4.827577,52.342908 4.82758,52.342728 4.827538,52.342584 4.827511"
4359,Johan Huizingalaan,50,"52.362714 4.827052,52.36213 4.827074"
4363,Johan Huizingalaan,50,"52.341407 4.827555,52.340607 4.827594,52.340185 4.827585,52.33952 4.827579,52.339169 4.827583"
4377,Johan Huizingalaan,50,"52.354708 4.827329,52.35256 4.827385"
4387,Johan Huizingalaan,50,"52.35256 4.827385,52.352452 4.827474,52.351455 4.827472"
4390,Rhijnspoorplein,50,"52.360285 4.908381,52.360204 4.908426,52.360042 4.90853"
4397,Johan Huizingalaan,50,"52.346815 4.827421,52.346907 4.827442"
4404,Johan Huizingalaan,50,"52.346907 4.827442,52.34723 4.827438,52.348195 4.827399"
4409,Johan Huizingalaan,50,"52.345632 4.827663,52.344994 4.827671,52.34485 4.827688,52.344634 4.827734,52.344338 4.827767,52.344131 4.827799,52.343844 4.827818,52.343323 4.827824,52.342595 4.827819"
4410,Johan Huizingalaan,50,"52.346908 4.827632,52.34804 4.827618,52.348184 4.827631"
4419,Johan Huizingalaan,50,"52.362714 4.827052,52.363999 4.827035"
4423,Johan Huizingalaan,50,"52.350017 4.827549,52.349262 4.827588"
4425,Rhijnspoorplein,50,"52.361245 4.908003,52.3612 4.908019"
4426,Rhijnspoorplein,50,"52.360321 4.908542,52.36024 4.908587,52.360079 4.908691"
4437,Rhijnspoorplein,50,"52.3612 4.908019,52.360384 4.908482,52.360321 4.908542"
4446,Rhijnspoorplein,50,"52.36117 4.907868,52.360356 4.908336,52.360285 4.908381"
4451,Johan Huizingalaan,50,"52.346844 4.827633,52.345982 4.827659,52.345632 4.827663"
4457,Johan Huizingalaan,50,"52.342584 4.827511,52.341407 4.827555"
4466,Johan van Hasseltweg,30,"52.386395 4.926842,52.386315 4.927166,52.385603 4.929026,52.385078 4.930454"
4498,Prins Hendrikkade,0,"52.338014 4.960386,52.337989 4.960589,52.337957 4.960742,52.337952 4.960817,52.337964 4.961142,52.337953 4.961242,52.337647 4.962925,52.337625 4.963006,52.33723 4.963862,52.33717 4.963888"
4558,Johan van Hasseltweg,50,"52.387356 4.924511,52.387116 4.925072,52.386493 4.926738,52.38643 4.926827,52.386395 4.926842"
4641,Johan van Hasseltweg,50,"52.389099 4.920187,52.38899 4.920211,52.388838 4.920499,52.388736 4.920758,52.388499 4.921422,52.387651 4.923609,52.387569 4.923716"
4658,Johan van Hasseltweg,50,"52.387569 4.923716,52.387551 4.923716,52.387497 4.923746,52.38747 4.923776"
4671,Nieuwe Westerdokstraat,50,"52.381373 4.891748,52.381215 4.892286,52.380906 4.893314,52.380769 4.893749"
4672,Johan van Hasseltweg,50,"52.389099 4.920187,52.389057 4.920341,52.388889 4.920588,52.387706 4.923651,52.387677 4.923803"
4679,Nieuwe Westerdokstraat,50,"52.381489 4.891851,52.381396 4.89211,52.381178 4.892784,52.381008 4.893256,52.38081 4.893827,52.38055 4.894526,52.380496 4.894626,52.380417 4.894709,52.380307 4.894771,52.380091 4.894788,52.380047 4.894803,52.379804 4.894806,52.379759 4.894835"
4691,Johan van Hasseltweg,50,"52.387498 4.924113,52.387356 4.924511"
4711,Johan van Hasseltweg,50,"52.387689 4.924032,52.387678 4.924067,52.38766 4.924097,52.387633 4.924126,52.38757 4.924156,52.387507 4.924128,52.387498 4.924113"
4732,Nieuwe Westerdokstraat,50,"52.380769 4.893749,52.380646 4.894135,52.380557 4.894371,52.380459 4.894534,52.380378 4.894564,52.380315 4.89458,52.379812 4.894629,52.379713 4.89466,52.379686 4.894675"
4787,Radarweg,50,"52.385939 4.835174,52.387306 4.835901,52.387433 4.83595,52.387616 4.835986"
4789,Radarweg,50,"52.390906 4.835914,52.390746 4.83596,52.390607 4.835991,52.390478 4.835994,52.390257 4.835978,52.387715 4.835992"
4808,Radarweg,50,"52.395668 4.835892,52.39667 4.836069,52.396735 4.836124"
4810,Radarweg,50,"52.391972 4.835694,52.39316 4.835673,52.39378 4.835709"
4812,Radarweg,50,"52.387711 4.836239,52.388144 4.836282,52.390888 4.836237"
4819,Radarweg,50,"52.400623 4.836374,52.399382 4.836374,52.398915 4.83641"
4830,Radarweg,50,"52.38478 4.834662,52.38492 4.834749,52.385124 4.834784,52.385259 4.834861,52.385486 4.835074,52.385937 4.835382"
4834,Radarweg,50,"52.387711 4.836239,52.387617 4.836225"
4835,Radarweg,70,"52.384672 4.834664,52.38478 4.834662"
4841,Radarweg,50,"52.387616 4.835986,52.387715 4.835992"
4865,Radarweg,50,"52.390906 4.835914,52.391452 4.835665,52.391596 4.835693"
4876,Radarweg,50,"52.396735 4.836124,52.397116 4.836153,52.397971 4.836289,52.398061 4.836288,52.398753 4.836368,52.398915 4.83641"
4898,Radarweg,50,"52.390888 4.836237,52.391059 4.836272,52.391284 4.836284,52.39159 4.836324"
4902,Radarweg,50,"52.38478 4.834662,52.384911 4.834574,52.38526 4.834758,52.385652 4.835022,52.385939 4.835174"
4903,Radarweg,50,"52.391596 4.835693,52.391972 4.835694"
4908,Radarweg,50,"52.392012 4.836304,52.39159 4.836324"
4915,Radarweg,50,"52.403454 4.836368,52.403508 4.836367,52.403714 4.836394,52.403886 4.836539,52.4045 4.837222,52.404762 4.837527"
4923,Radarweg,50,"52.395653 4.836406,52.395926 4.836335,52.396135 4.836215,52.396293 4.836187,52.396664 4.836142,52.396735 4.836124"
4932,Radarweg,50,"52.393783 4.836326,52.394664 4.83633,52.395401 4.83638,52.395653 4.836406"
4939,Radarweg,50,"52.402986 4.836359,52.403454 4.836368"
4961,Radarweg,50,"52.39378 4.835709,52.395452 4.835836,52.395668 4.835892"
4995,Radarweg,50,"52.392012 4.836304,52.392123 4.836301,52.393172 4.836334,52.393783 4.836326"
4999,Radarweg,50,"52.400623 4.836374,52.402016 4.836371,52.402986 4.836359"
5007,Nassaukade,50,"52.373501 4.875007,52.37369 4.875049,52.374147 4.875044"
5010,Nassaukade,50,"52.371826 4.874047,52.371932 4.874012,52.372112 4.873981,52.372274 4.873964,52.372481 4.874021,52.372706 4.874194,52.372797 4.874311,52.372869 4.874427"
5016,Nassaukade,50,"52.374147 4.875044,52.374364 4.875116,52.374605 4.875215,52.375657 4.875874"
5017,Nassaukade,50,"52.37174 4.874085,52.371667 4.874118,52.370838 4.874451"
5020,Nassaukade,50,"52.377864 4.877263,52.378563 4.877681"
5022,Nassaukade,50,"52.37174 4.874085,52.371826 4.874047"
5024,Nassaukade,50,"52.382065 4.878977,52.381571 4.879115"
5030,Tasmanstraat,50,"52.391628 4.878227,52.391372 4.880046"
5031,Nassaukade,50,"52.36728 4.87687,52.367163 4.876886,52.367011 4.876917,52.366805 4.877023"
5034,Nassaukade,50,"52.366518 4.877261,52.366438 4.877347,52.366286 4.877542,52.366098 4.877851"
5036,Nassaukade,50,"52.366805 4.877023,52.366697 4.877097,52.366607 4.877172,52.366518 4.877261"
5044,Nassaukade,50,"52.368392 4.876225,52.368336 4.876312"
5050,Nassaukade,50,"52.379995 4.878443,52.38014 4.878544,52.380739 4.878926"
5062,Nassaukade,50,"52.378563 4.877681,52.378649 4.877812"
5074,Nassaukade,50,"52.380739 4.878926,52.380888 4.878998,52.380981 4.879032,52.381194 4.87909,52.381427 4.879058,52.381571 4.879115"
5079,Nassaukade,50,"52.378649 4.877812,52.378908 4.877997,52.380168 4.878764,52.381015 4.879297,52.381212 4.87931,52.381337 4.879298"
5091,Nassaukade,50,"52.382735 4.880218,52.382907 4.880392,52.383718 4.880882,52.38445 4.881397,52.384686 4.881397"
5096,Nassaukade,50,"52.382065 4.878977,52.382182 4.879122,52.382309 4.879341,52.382582 4.880014,52.382708 4.880189,52.382735 4.880218"
5103,Nassaukade,50,"52.3787 4.877669,52.378563 4.877681"
5110,Nassaukade,50,"52.379995 4.878443,52.378769 4.877664,52.3787 4.877669"
5119,Nassaukade,50,"52.365642 4.878442,52.365429 4.87859,52.365208 4.878657,52.365106 4.878654,52.365095 4.878657"
5123,Nassaukade,50,"52.364438 4.878547,52.364286 4.878549,52.363774 4.878746"
5130,Nassaukade,50,"52.381571 4.879115,52.381401 4.879293,52.381337 4.879298"
5133,Nassaukade,50,"52.37746 4.877012,52.377864 4.877263"
5140,Tasmanstraat,50,"52.391171 4.881546,52.391102 4.88212,52.390797 4.884489,52.390752 4.884749,52.390685 4.884931"
5141,Nassaukade,50,"52.36988 4.874918,52.369479 4.875099,52.369309 4.875192,52.369099 4.875344,52.368907 4.875526,52.368676 4.8758,52.368509 4.876057,52.368392 4.876225"
5146,Nassaukade,50,"52.377109 4.876794,52.37746 4.877012"
5148,Nassaukade,50,"52.36363 4.878733,52.363693 4.878732,52.363774 4.878746"
5158,Nassaukade,50,"52.372869 4.874427,52.37314 4.874806,52.37333 4.874951,52.373501 4.875007"
5164,Nassaukade,50,"52.364438 4.878547,52.364519 4.878561,52.364591 4.87859,52.364915 4.878659,52.365095 4.878657"
5180,Nassaukade,50,"52.368336 4.876312,52.368178 4.876521,52.36801 4.87668,52.36789 4.876762,52.367773 4.876812,52.367617 4.876856,52.367435 4.876871,52.36728 4.87687"
5182,Nassaukade,50,"52.375657 4.875874,52.377109 4.876794"
5194,Tasmanstraat,50,"52.391372 4.880046,52.391171 4.881546"
5196,Nassaukade,50,"52.370838 4.874451,52.370485 4.874659,52.369964 4.874885"
5198,Nassaukade,50,"52.366098 4.877851,52.365845 4.87823,52.365642 4.878442"
5302,IJ-tunnel,70,"52.373322 4.912043,52.373493 4.912086,52.373763 4.912127,52.374078 4.912168,52.374284 4.91218,52.374419 4.912164,52.375308 4.912008,52.376242 4.911821,52.380139 4.910884,52.381297 4.910622,52.382142 4.910451,52.382312 4.910434,52.382708 4.910445,52.383031 4.910441,52.383211 4.910484,52.383553 4.910597,52.383832 4.910697,52.384176 4.910893,52.384416 4.911055,52.38464 4.911251,52.384719 4.911327"
5373,IJ-tunnel,70,"52.373386 4.912307,52.373701 4.912348,52.373773 4.912362,52.373971 4.912374,52.37442 4.91237,52.374519 4.912354,52.376719 4.911831,52.377383 4.911692,52.37785 4.911584,52.381316 4.910754,52.381909 4.91063,52.382313 4.910581,52.382708 4.910577,52.383023 4.910588,52.38323 4.91063,52.383515 4.91074,52.384008 4.910988,52.384132 4.911073,52.384393 4.911263,52.384583 4.911425,52.384661 4.911501"
5503,Stadionplein,50,"52.345258 4.857963,52.345213 4.857571"
5509,Haarlemmerplein,50,"52.384734 4.883103,52.384788 4.883235,52.385123 4.88351"
5520,Mr. Visserplein,50,"52.367928 4.903578,52.367859 4.903532,52.367808 4.903604,52.367598 4.903954,52.367543 4.904027"
5524,Stadionplein,50,"52.345213 4.857571,52.34517 4.857166,52.345114 4.856775,52.345032 4.85657,52.344983 4.856511"
5527,Haarlemmerplein,50,"52.384653 4.883119,52.384663 4.88328,52.384708 4.883427,52.384806 4.883534,52.385155 4.883808,52.385207 4.883863,52.385236 4.883936,52.385251 4.884004"
5528,Stadionplein,50,"52.344866 4.856863,52.344947 4.85695,52.344991 4.857089,52.345062 4.857591"
5530,Haarlemmerplein,30,"52.384581 4.883128,52.384491 4.883303"
5543,Stadionplein,50,"52.344866 4.856863,52.344754 4.856779,52.344638 4.856789,52.34393 4.857036,52.343102 4.857315"
5556,Haarlemmerplein,30,"52.384491 4.883303,52.384359 4.883542,52.38428 4.883658,52.384171 4.883806,52.384158 4.883906"
5578,Mr. Visserplein,50,"52.3684 4.904043,52.36837 4.903884,52.368285 4.903775,52.36808 4.903548,52.368025 4.903498,52.368003 4.903491,52.367928 4.903578"
5592,Haarlemmerplein,30,"52.384158 4.883906,52.384219 4.88399"
5607,Haarlemmerplein,30,"52.384219 4.88399,52.384352 4.88418"
5614,Haarlemmerplein,50,"52.385123 4.88351,52.385272 4.883636"
5618,Haarlemmerplein,30,"52.385251 4.884004,52.385305 4.883968,52.385375 4.883977"
5624,Mr. Visserplein,50,"52.367928 4.903578,52.368001 4.903646,52.368033 4.903666,52.368314 4.904011,52.3684 4.904043"
5629,Haarlemmerplein,50,"52.384794 4.882368,52.38467 4.882898,52.384653 4.883016,52.384653 4.883119"
5637,Robert Fruinlaan,50,"52.364034 4.83254,52.363999 4.832702,52.364007 4.834439"
5650,Haarlemmerplein,30,"52.384491 4.883303,52.384486 4.883378,52.384391 4.883617,52.384219 4.88399"
5655,Stadionplein,50,"52.344983 4.856511,52.344871 4.856455,52.344663 4.856496,52.343072 4.857074"
5667,Haarlemmerplein,50,"52.384842 4.882608,52.384734 4.883103"
5671,Robert Fruinlaan,50,"52.363999 4.827035,52.364034 4.83254"
5679,Mr. Visserplein,50,"52.367586 4.904187,52.367634 4.90412,52.367812 4.903799,52.367902 4.903699,52.367928 4.903578"
5686,Stadionplein,50,"52.343072 4.857074,52.342436 4.85735"
5703,Stadionplein,50,"52.345062 4.857591,52.345099 4.858002"
5710,Stadionplein,50,"52.343102 4.857315,52.342576 4.857521"
5712,Robert Fruinlaan,50,"52.364034 4.83254,52.364062 4.832716,52.364058 4.833715,52.364066 4.834447"
5725,Amstelveenseweg,50,"52.323578 4.857482,52.32418 4.857489,52.327712 4.857462"
5731,Prins Hendrikkade,50,"52.371825 4.910738,52.371576 4.911387"
5734,Prins Hendrikkade,50,"52.378347 4.897263,52.378188 4.897604,52.377956 4.89802,52.377707 4.898393,52.377586 4.898512"
5738,Amstelveenseweg,50,"52.342436 4.85735,52.34202 4.857509,52.341651 4.857578,52.341123 4.857552"
5739,Prins Hendrikkade,50,"52.379252 4.895339,52.378633 4.896449,52.378552 4.896551,52.378286 4.896928,52.378132 4.897042"
5741,Amstelveenseweg,50,"52.331842 4.857445,52.331708 4.857453,52.331033 4.857458,52.330283 4.857431"
5743,Amstelveenseweg,50,"52.350854 4.856753,52.351498 4.856496"
5745,Amstelveenseweg,50,"52.352558 4.856183,52.352315 4.856274"
5746,Prins Hendrikkade,50,"52.373049 4.907283,52.372926 4.907408"
5753,Amstelveenseweg,50,"52.347136 4.857832,52.346858 4.85785,52.345479 4.857921,52.345258 4.857963"
5764,Amstelveenseweg,50,"52.354835 4.855361,52.354661 4.855425,52.354578 4.855476,52.354543 4.855526"
5768,Prins Hendrikkade,50,"52.375007 4.903937,52.374481 4.904925"
5776,Amstelveenseweg,50,"52.354185 4.855608,52.353948 4.855682,52.35366 4.855791"
5779,Prins Hendrikkade,50,"52.374929 4.903837,52.374402 4.904813"
5789,Amstelveenseweg,50,"52.347124 4.857463,52.346326 4.85749"
5790,Amstelveenseweg,50,"52.356359 4.854706,52.35598 4.854903,52.355562 4.855085,52.3554 4.855139,52.355038 4.855269,52.354835 4.855361"
5791,Prins Hendrikkade,30,"52.372969 4.907479,52.373049 4.907283"
5792,Prins Hendrikkade,50,"52.379355 4.895436,52.379107 4.8959,52.378813 4.896417,52.378347 4.897263"
5796,Amstelveenseweg,50,"52.351498 4.856496,52.351678 4.856424,52.351903 4.856425"
5801,Amstelveenseweg,50,"52.34868 4.857344,52.347629 4.857445"
5804,Amstelveenseweg,50,"52.352665 4.856152,52.352558 4.856183"
5805,Prins Hendrikkade,50,"52.377092 4.89842,52.3769 4.898718,52.376812 4.898876,52.376763 4.899086"
5807,Amstelveenseweg,50,"52.339094 4.857689,52.338946 4.857741,52.337195 4.857687"
5810,Amstelveenseweg,50,"52.337032 4.857424,52.337175 4.857423"
5811,Amstelveenseweg,50,"52.35105 4.856923,52.350904 4.856983"
5812,Prins Hendrikkade,50,"52.371117 4.91239,52.370935 4.912972"
5814,Amstelveenseweg,50,"52.334256 4.857394,52.334379 4.857494,52.335103 4.85767"
5816,Prins Hendrikkade,50,"52.374111 4.905475,52.374217 4.905357,52.374481 4.904925"
5817,Prins Hendrikkade,50,"52.376233 4.902819,52.376027 4.903057,52.375893 4.90322,52.37583 4.903264,52.375758 4.903294,52.375705 4.903304"
5818,Prins Hendrikkade,50,"52.374287 4.90504,52.374171 4.905269,52.374111 4.905475"
5830,Amstelveenseweg,50,"52.357731 4.855445,52.357605 4.855462,52.357458 4.855299,52.35719 4.854959,52.357072 4.854822,52.356904 4.854726,52.356805 4.854704,52.356631 4.854707,52.356438 4.854811"
5846,Prins Hendrikkade,30,"52.376774 4.899597,52.376419 4.899924"
5847,Amstelveenseweg,50,"52.350854 4.856753,52.349946 4.857124"
5855,Prins Hendrikkade,50,"52.376774 4.899597,52.376735 4.899761,52.376837 4.901183"
5857,Prins Hendrikkade,50,"52.372409 4.909024,52.372012 4.910178"
5867,Amstelveenseweg,50,"52.334256 4.857394,52.334163 4.857315,52.333685 4.857325,52.333586 4.857389"
5871,Prins Hendrikkade,50,"52.372515 4.908111,52.372446 4.908323,52.372394 4.90856,52.372339 4.908891,52.372188 4.909354,52.37177 4.910533,52.371726 4.910636"
5874,Prins Hendrikkade,50,"52.371001 4.913126,52.370843 4.913591,52.370798 4.913766,52.370784 4.913908,52.370803 4.914054,52.370859 4.914228,52.371213 4.915047"
5881,Prins Hendrikkade,50,"52.37144 4.911021,52.371126 4.911998,52.371117 4.91239"
5883,Amstelveenseweg,50,"52.354543 4.855526,52.354185 4.855608"
5884,Prins Hendrikkade,50,"52.375705 4.903304,52.37553 4.903298,52.375418 4.903308,52.375324 4.903337,52.375247 4.903388,52.375168 4.903443,52.375007 4.903699,52.374929 4.903837"
5889,Prins Hendrikkade,50,"52.379686 4.894675,52.379624 4.894719,52.379552 4.894794,52.379252 4.895339"
5893,Amstelveenseweg,50,"52.35366 4.855791,52.353186 4.85597"
5898,Prins Hendrikkade,50,"52.373735 4.90613,52.373459 4.906629,52.373281 4.906935,52.373049 4.907283"
5899,Amstelveenseweg,50,"52.350568 4.857154,52.350002 4.85749"
5900,Prins Hendrikkade,50,"52.376269 4.902936,52.375831 4.903426,52.375786 4.903456,52.37566 4.903486"
5902,Prins Hendrikkade,50,"52.37566 4.903486,52.37554 4.903469,52.375424 4.903464,52.375319 4.903509,52.375232 4.903592,52.375138 4.903723,52.375064 4.903857,52.375007 4.903937"
5906,Amstelveenseweg,50,"52.346326 4.85749,52.345436 4.857544"
5909,Prins Hendrikkade,50,"52.372926 4.907408,52.372783 4.907615,52.372569 4.907984,52.372515 4.908111"
5916,Amstelveenseweg,50,"52.349364 4.857615,52.348789 4.857681,52.348511 4.857816,52.347658 4.857811"
5920,Amstelveenseweg,50,"52.339365 4.857391,52.340386 4.857448,52.341123 4.857552"
5928,Amstelveenseweg,50,"52.334256 4.857394,52.334387 4.857303,52.335128 4.857421"
5939,Prins Hendrikkade,50,"52.372012 4.910178,52.372012 4.910384,52.37205 4.910706,52.372095 4.910853,52.37214 4.91094,52.372348 4.911261"
5944,Amstelveenseweg,50,"52.339365 4.857391,52.339286 4.857354,52.339031 4.857395,52.338928 4.857436"
5948,Prins Hendrikkade,50,"52.374402 4.904813,52.374287 4.90504"
5962,Amstelveenseweg,50,"52.335253 4.857686,52.335613 4.857722,52.337043 4.857688"
5964,Prins Hendrikkade,50,"52.372969 4.907479,52.372846 4.907658,52.372659 4.907968,52.372593 4.908125,52.372537 4.908299"
5967,Amstelveenseweg,50,"52.337175 4.857423,52.338928 4.857436"
5977,Amstelveenseweg,50,"52.347658 4.857811,52.347136 4.857832"
5978,Prins Hendrikkade,50,"52.379759 4.894835,52.379651 4.89491,52.379535 4.895102,52.379355 4.895436"
5980,Prins Hendrikkade,50,"52.372537 4.908299,52.37247 4.908617,52.372438 4.908867,52.372409 4.909024"
5981,Amstelveenseweg,50,"52.356359 4.854706,52.356569 4.854593,52.356723 4.854549,52.356894 4.85455,52.357043 4.854604,52.357166 4.85468,52.357311 4.854803,52.357612 4.855078,52.35773 4.855167"
5985,Prins Hendrikkade,30,"52.378939 4.89463,52.379252 4.895339"
5986,Amstelveenseweg,50,"52.321655 4.857436,52.321996 4.857471,52.322805 4.857462,52.323578 4.857482"
5987,Prins Hendrikkade,30,"52.371603 4.910547,52.37144 4.911021"
5988,Amstelveenseweg,50,"52.335128 4.857421,52.335248 4.857444"
5990,Amstelveenseweg,50,"52.353186 4.85597,52.352665 4.856152"
5991,Prins Hendrikkade,50,"52.371212 4.912449,52.371001 4.913126"
5994,Amstelveenseweg,50,"52.327892 4.85746,52.330283 4.857431"
5996,Amstelveenseweg,50,"52.34109 4.857862,52.340527 4.857745,52.340068 4.857705,52.339094 4.857689"
6001,Amstelveenseweg,50,"52.347629 4.857445,52.347124 4.857463"
6003,Prins Hendrikkade,30,"52.379252 4.895339,52.379355 4.895436"
6009,Prins Hendrikkade,50,"52.370935 4.912972,52.370892 4.913262,52.370776 4.91361,52.37075 4.913726,52.370737 4.913841,52.370738 4.913948,52.370751 4.914087,52.370783 4.91422,52.370942 4.914624,52.371051 4.914872,52.371105 4.915048,52.371142 4.915121"
6023,Prins Hendrikkade,50,"52.378132 4.897042,52.378106 4.897086,52.378052 4.897131,52.378006 4.897161"
6036,Prins Hendrikkade,50,"52.378006 4.897161,52.377781 4.897377,52.377548 4.897744,52.377182 4.898268"
6038,Amstelveenseweg,50,"52.352315 4.856274,52.351903 4.856425"
6043,Prins Hendrikkade,50,"52.376609 4.902375,52.376233 4.902819"
6044,Amstelveenseweg,50,"52.342576 4.857521,52.341923 4.857734,52.341613 4.85786,52.341358 4.857895,52.34109 4.857862"
6050,Amstelveenseweg,50,"52.337043 4.857688,52.337195 4.857687"
6054,Amstelveenseweg,30,"52.356438 4.854811,52.356359 4.854706"
6057,Amstelveenseweg,50,"52.333586 4.857389,52.331842 4.857445"
6058,Amstelveenseweg,50,"52.345258 4.857963,52.345099 4.858002"
6063,Prins Hendrikkade,50,"52.371521 4.911152,52.371477 4.911256,52.371193 4.91214,52.371117 4.91239"
6066,Prins Hendrikkade,50,"52.371576 4.911387,52.371212 4.912449"
6073,Prins Hendrikkade,50,"52.376895 4.90199,52.376859 4.902064,52.376609 4.902375"
6074,Prins Hendrikkade,50,"52.376837 4.901183,52.376894 4.901828,52.376895 4.90199"
6075,Amstelveenseweg,50,"52.345213 4.857571,52.345062 4.857591"
6077,Prins Hendrikkade,50,"52.376763 4.899086,52.376833 4.900037,52.37687 4.900492,52.376936 4.901182,52.376993 4.901901,52.376985 4.902047"
6080,Amstelveenseweg,50,"52.333586 4.857389,52.333691 4.857464,52.334162 4.857459,52.334256 4.857394"
6081,Prins Hendrikkade,50,"52.372012 4.910178,52.371861 4.910679,52.371825 4.910738"
6083,Amstelveenseweg,50,"52.327712 4.857462,52.327892 4.85746"
6086,Amstelveenseweg,50,"52.35773 4.855167,52.35782 4.855239"
6090,Prins Hendrikkade,50,"52.377182 4.898268,52.377092 4.89842"
6100,Prins Hendrikkade,50,"52.376763 4.899086,52.376764 4.899195,52.376774 4.899597"
6105,Amstelveenseweg,50,"52.335248 4.857444,52.337032 4.857424"
6106,Amstelveenseweg,50,"52.345436 4.857544,52.345213 4.857571"
6108,Amstelveenseweg,50,"52.335103 4.85767,52.335253 4.857686"
6110,Amstelveenseweg,50,"52.351557 4.856714,52.351307 4.856827,52.35105 4.856923"
6118,Prins Hendrikkade,50,"52.371726 4.910636,52.371521 4.911152"
6121,Amstelveenseweg,50,"52.351903 4.856425,52.351739 4.856622,52.351557 4.856714"
6122,Amstelveenseweg,50,"52.350904 4.856983,52.350568 4.857154"
6124,Prins Hendrikkade,50,"52.374111 4.905475,52.373735 4.90613"
6127,Amstelveenseweg,50,"52.34868 4.857344,52.348824 4.857387,52.349076 4.857369,52.349372 4.857336"
6130,Prins Hendrikkade,50,"52.376985 4.902047,52.376958 4.902121,52.376913 4.90218,52.376708 4.902418,52.376269 4.902936"
6872,Wibautstraat,50,"52.350696 4.9155,52.350518 4.91581,52.350152 4.916401,52.349964 4.916682,52.349789 4.916926"
6873,Transformatorweg,50,"52.391714 4.847767,52.391764 4.850704,52.391793 4.853026"
6882,Transformatorweg,50,"52.392368 4.861171,52.392573 4.863575,52.392626 4.864143,52.393041 4.866125,52.39308 4.86638,52.393116 4.866705,52.393138 4.867028,52.393143 4.867287,52.393125 4.867798"
6893,Wibautstraat,50,"52.354076 4.912126,52.35358 4.912448"
6896,Transformatorweg,50,"52.393103 4.865948,52.393104 4.866027,52.393188 4.866613,52.393221 4.867041,52.393221 4.867229"
6898,Wibautstraat,50,"52.35358 4.912448,52.352605 4.913027"
6901,Wibautstraat,50,"52.35865 4.909626,52.358088 4.909974"
6908,Transformatorweg,50,"52.39261 4.86111,52.392651 4.861535,52.392659 4.861814,52.392656 4.862329,52.392645 4.863194,52.392656 4.863446,52.392694 4.863891,52.392733 4.86419,52.393103 4.865948"
6911,Wibautstraat,50,"52.351568 4.913747,52.351489 4.913875,52.351207 4.914392,52.350624 4.915398"
6915,Wibautstraat,50,"52.35544 4.911328,52.354843 4.911683"
6917,Wibautstraat,50,"52.350624 4.915398,52.35032 4.9159,52.349927 4.916521,52.349744 4.916781"
6925,Transformatorweg,50,"52.391608 4.844952,52.39164 4.845329,52.39171 4.8469,52.391712 4.847208"
6926,Wibautstraat,50,"52.349463 4.917186,52.349293 4.917423,52.348971 4.917822"
6933,Wibautstraat,50,"52.353623 4.912652,52.351795 4.913755"
6940,Wibautstraat,50,"52.356352 4.910742,52.356157 4.910887,52.355852 4.911082,52.35544 4.911328"
6941,Transformatorweg,50,"52.392081 4.852999,52.392091 4.853638,52.392134 4.855166"
6945,Wibautstraat,50,"52.352605 4.913027,52.351908 4.91345"
6947,Wibautstraat,50,"52.354843 4.911683,52.354491 4.911896,52.354076 4.912126"
6966,Wibautstraat,50,"52.349744 4.916781,52.349463 4.917186"
6973,Wibautstraat,50,"52.360042 4.90853,52.358592 4.909428"
6974,Wibautstraat,50,"52.348948 4.918038,52.348596 4.918501"
6977,Transformatorweg,50,"52.393125 4.867798,52.393065 4.868575"
6978,Wibautstraat,50,"52.351795 4.913755,52.351696 4.913819,52.351607 4.913903,52.351574 4.913946,52.351355 4.914363,52.350696 4.9155"
6983,Wibautstraat,50,"52.357498 4.910205,52.357427 4.910395,52.357092 4.910585,52.356958 4.910652"
6985,Transformatorweg,50,"52.39198 4.84505,52.391966 4.845691,52.391962 4.846823,52.391992 4.847176"
6989,Wibautstraat,50,"52.356958 4.910652,52.356403 4.910977"
6992,Van Diemenstraat,50,"52.390685 4.884931,52.390634 4.885091,52.390567 4.88527"
6995,Transformatorweg,50,"52.392042 4.850658,52.392081 4.852999"
6999,Transformatorweg,50,"52.392084 4.857656,52.392349 4.86101,52.392368 4.861171"
7003,Transformatorweg,50,"52.391712 4.847208,52.391714 4.847767"
7005,Wibautstraat,50,"52.360079 4.908691,52.35865 4.909626"
7017,Transformatorweg,50,"52.392134 4.855166,52.392145 4.855474"
7018,Wibautstraat,50,"52.356403 4.910977,52.355641 4.91144"
7020,Transformatorweg,50,"52.392145 4.855474,52.392277 4.856927,52.39261 4.860963,52.39261 4.86111"
7021,Transformatorweg,50,"52.391992 4.847176,52.391992 4.847514,52.392042 4.850658"
7022,Transformatorweg,50,"52.391898 4.855465,52.392084 4.857656"
7023,Wibautstraat,50,"52.358592 4.909428,52.357572 4.910048,52.357498 4.910205"
7024,Wibautstraat,50,"52.357498 4.910205,52.357376 4.910159,52.356882 4.910448"
7029,Wibautstraat,50,"52.356882 4.910448,52.356352 4.910742"
7034,Transformatorweg,50,"52.391864 4.855169,52.391898 4.855465"
7041,Wibautstraat,50,"52.355641 4.91144,52.354916 4.911884,52.353623 4.912652"
7044,Transformatorweg,50,"52.391793 4.853026,52.391804 4.853642,52.391838 4.854933,52.391864 4.855169"
7050,Wibautstraat,50,"52.348971 4.917822,52.348559 4.918311"
7056,Wibautstraat,50,"52.349789 4.916926,52.349607 4.917184,52.348948 4.918038"
7061,Wibautstraat,50,"52.351908 4.91345,52.351734 4.913566,52.351633 4.91367,52.351568 4.913747"
7066,Van Diemenstraat,50,"52.390314 4.884935,52.390567 4.88527"
7068,Wibautstraat,50,"52.358088 4.909974,52.357616 4.910259,52.357498 4.910205"
7074,Jan van Galenstraat,50,"52.373153 4.834754,52.373008 4.835735"
7081,Jan van Galenstraat,50,"52.374405 4.855907,52.374509 4.856904,52.374575 4.857608"
7082,Prins Bernhardplein,50,"52.348375 4.919384,52.348303 4.919429,52.348231 4.919459"
7085,Jan van Galenstraat,50,"52.374138 4.854471,52.374175 4.854603,52.374266 4.854895,52.374312 4.855144,52.37433 4.855217"
7089,Jan van Galenstraat,30,"52.373538 4.85301,52.373503 4.853216"
7092,Jan van Galenstraat,50,"52.372737 4.84874,52.372769 4.849"
7093,Jan van Galenstraat,50,"52.372546 4.838508,52.372346 4.839793,52.372084 4.841427,52.372057 4.841559"
7097,Jan van Galenstraat,50,"52.372008 4.842661,52.372063 4.843094,52.372112 4.843644,52.372132 4.844099,52.372134 4.844495,52.372145 4.845068,52.372165 4.845449,52.37224 4.846241,52.372287 4.846593,52.372338 4.846796"
7100,Jan van Galenstraat,50,"52.372926 4.849923,52.37341 4.85238"
7109,Jan van Galenstraat,50,"52.374659 4.858444,52.374675 4.858654"
7112,Jan van Galenstraat,50,"52.375173 4.862741,52.375342 4.863936"
7114,Jan van Galenstraat,50,"52.372508 4.847487,52.372584 4.847874"
7117,Prins Bernhardplein,50,"52.347861 4.919008,52.347961 4.919183,52.348096 4.919387,52.348231 4.919459"
7123,Prins Bernhardplein,50,"52.347787 4.918319,52.347778 4.918392,52.347779 4.918598,52.347797 4.9187"
7124,Jan van Galenstraat,50,"52.375741 4.867469,52.375754 4.867731,52.375745 4.868006,52.375714 4.868349,52.375667 4.868713,52.375599 4.869059,52.375533 4.869315,52.375517 4.869462"
7130,Jan van Galenstraat,50,"52.372584 4.847874,52.372737 4.84874"
7135,Jan van Galenstraat,50,"52.372444 4.841569,52.372461 4.841876,52.37243 4.842494,52.372386 4.8427"
7146,Jan van Galenstraat,50,"52.372476 4.846737,52.372495 4.846869,52.372508 4.847487"
7149,Jan van Galenstraat,50,"52.374952 4.86173,52.374848 4.860527,52.374866 4.860483,52.374902 4.860409"
7153,Jan van Galenstraat,50,"52.374902 4.860409,52.375023 4.861421,52.375042 4.8617"
7157,Jan van Galenstraat,50,"52.37433 4.855217,52.374405 4.855907"
7168,Jan van Galenstraat,50,"52.373503 4.853216,52.373603 4.853493,52.373976 4.854414,52.374048 4.854487,52.374138 4.854471"
7172,Jan van Galenstraat,50,"52.373008 4.835735,52.372722 4.837467"
7176,Jan van Galenstraat,50,"52.372722 4.837467,52.372546 4.838508"
7179,Jan van Galenstraat,50,"52.375479 4.864925,52.375471 4.865084,52.375613 4.866087,52.375628 4.86623,52.375707 4.86684,52.375725 4.867109,52.375741 4.867469"
7187,Jan van Galenstraat,50,"52.373034 4.836629,52.372709 4.838603"
7189,Jan van Galenstraat,50,"52.374575 4.857608,52.374659 4.858444"
7196,Jan van Galenstraat,50,"52.375342 4.863936,52.375377 4.864236,52.375479 4.864925"
7197,Jan van Galenstraat,50,"52.375479 4.864925,52.375521 4.86503,52.375609 4.865655,52.375795 4.867024,52.375821 4.867485"
7206,Jan van Galenstraat,50,"52.375517 4.869462,52.375508 4.869521,52.375344 4.870055"
7214,Prins Bernhardplein,50,"52.348596 4.918501,52.348579 4.918604,52.348375 4.919384"
7220,Jan van Galenstraat,50,"52.375042 4.8617,52.37507 4.862008,52.375157 4.862628"
7223,Jan van Galenstraat,50,"52.375821 4.867485,52.375837 4.86792,52.375777 4.868474,52.375664 4.869069,52.375582 4.869352,52.375517 4.869462"
7226,Jan van Galenstraat,50,"52.374772 4.859603,52.374902 4.860409"
7228,Prins Bernhardplein,50,"52.348252 4.917742,52.348189 4.917728,52.348117 4.917728,52.347964 4.917759,52.347937 4.91776,52.347848 4.917834"
7229,Prins Bernhardplein,50,"52.347848 4.917834,52.347839 4.917863,52.347786 4.918172,52.347787 4.918319"
7235,Jan van Galenstraat,50,"52.372709 4.838603,52.372587 4.839344,52.372415 4.840309,52.372381 4.840703"
7236,Jan van Galenstraat,50,"52.372769 4.849,52.372926 4.849923"
7249,Prins Bernhardplein,50,"52.347797 4.9187,52.347806 4.918788,52.347861 4.919008"
7253,Prins Bernhardplein,50,"52.348559 4.918311,52.348318 4.918563,52.348273 4.918637,52.348238 4.918755,52.34822 4.918887,52.348213 4.919268,52.348231 4.919459"
7256,Prins Bernhardplein,50,"52.348559 4.918311,52.348578 4.918384,52.348596 4.918501"
7259,Jan van Galenstraat,50,"52.372381 4.840703,52.372444 4.841569"
7266,Jan van Galenstraat,50,"52.372057 4.841559,52.372022 4.841824,52.371996 4.84246,52.372008 4.842661"
7268,Jan van Galenstraat,50,"52.375157 4.862628,52.375173 4.862741"
7269,Jan van Galenstraat,50,"52.37341 4.85238,52.373493 4.852819,52.373538 4.85301"
7278,Jan van Galenstraat,50,"52.372338 4.846796,52.372415 4.847164,52.372508 4.847487"
7295,Prins Bernhardplein,50,"52.348252 4.917742,52.348306 4.917859,52.348559 4.918311"
7297,Jan van Galenstraat,50,"52.37332 4.834803,52.373034 4.836629"
7302,Jan van Galenstraat,50,"52.372386 4.8427,52.372312 4.843026,52.372274 4.843435,52.37226 4.844599,52.372281 4.845211,52.372323 4.845823,52.372476 4.846737"
7306,Jan van Galenstraat,50,"52.374675 4.858654,52.374772 4.859603"
7326,Jan van Galenstraat,50,"52.373538 4.85301,52.373665 4.853287,52.373884 4.853828,52.374138 4.854471"
7330,Basisweg,70,"52.391716 4.818944,52.391725 4.828944,52.391737 4.831638,52.391735 4.833007,52.391744 4.833352,52.391765 4.833701,52.391847 4.834523"
7332,Basisweg,70,"52.395002 4.808453,52.39457 4.80899,52.394178 4.809517,52.393785 4.810058,52.393552 4.810443,52.393249 4.810962,52.392899 4.811591,52.392557 4.812341"
7335,Basisweg,50,"52.392781 4.81259,52.392613 4.812975,52.392365 4.813628,52.392102 4.814582,52.391921 4.815107,52.391824 4.815608,52.391738 4.816123,52.391722 4.816711,52.391729 4.81818,52.391721 4.818474"
7364,Basisweg,50,"52.392005 4.844575,52.39198 4.84505"
7368,Basisweg,50,"52.391611 4.84385,52.391608 4.844952"
7374,Basisweg,70,"52.39132 4.818961,52.391348 4.819316,52.391384 4.819525,52.39152 4.820224,52.391561 4.820457,52.391583 4.820638,52.391603 4.820877,52.391608 4.821017,52.391612 4.821351,52.391619 4.829014,52.391616 4.834206,52.391611 4.835028,52.391596 4.835693"
7378,Basisweg,50,"52.391637 4.840966,52.391639 4.843363"
7398,Basisweg,50,"52.391596 4.835693,52.391589 4.836045,52.39159 4.836324"
7410,Basisweg,50,"52.391982 4.843371,52.392005 4.844575"
7422,Basisweg,70,"52.395198 4.80874,52.39474 4.809297,52.394251 4.809944,52.393784 4.81068,52.393422 4.811283,52.393102 4.81189,52.392781 4.81259"
7437,Basisweg,50,"52.395241 4.808181,52.395168 4.808263"
7447,Basisweg,50,"52.391639 4.843363,52.391611 4.84385"
7455,Basisweg,50,"52.391721 4.818474,52.391716 4.818944"
7456,Basisweg,50,"52.395484 4.80791,52.395386 4.807984,52.395299 4.808022,52.395244 4.808006,52.395154 4.807935"
7460,Basisweg,70,"52.391326 4.818464,52.39132 4.818961"
7472,Basisweg,70,"52.391847 4.834523,52.391972 4.835694"
7473,Basisweg,50,"52.391863 4.840963,52.391904 4.84202,52.391982 4.843371"
7477,Basisweg,50,"52.391972 4.835694,52.392012 4.836304"
7492,Basisweg,50,"52.391625 4.839161,52.391646 4.84077"
7495,Basisweg,50,"52.395429 4.80849,52.395198 4.80874"
7496,Basisweg,50,"52.39159 4.836324,52.391613 4.837352,52.391625 4.839161"
7513,Basisweg,50,"52.392012 4.836304,52.391919 4.837598,52.391867 4.838699,52.391842 4.838955,52.391846 4.839707,52.391867 4.840746"
7518,Basisweg,70,"52.392557 4.812341,52.39231 4.813029,52.391819 4.814598,52.391726 4.815034,52.391634 4.815794,52.391565 4.816485,52.391343 4.818214,52.391326 4.818464"
7527,Basisweg,50,"52.395484 4.80791,52.395241 4.808181"
7538,Basisweg,50,"52.395168 4.808263,52.395002 4.808453"
7554,Basisweg,50,"52.391867 4.840746,52.391863 4.840963"
7574,Basisweg,50,"52.391646 4.84077,52.391637 4.840966"
7610,Gooiseweg,0,"52.31037 4.96913,52.308482 4.970845,52.308357 4.970964"
7614,Vijzelgracht,50,"52.36016 4.891148,52.360527 4.891241"
7617,Gooiseweg,70,"52.312279 4.966972,52.312932 4.966416,52.31307 4.966339,52.313569 4.966136,52.313806 4.966009"
7619,Gooiseweg,100,"52.316931 4.963316,52.313851 4.966126"
7626,Gooiseweg,70,"52.313806 4.966009,52.312836 4.966889,52.312191 4.967467,52.312102 4.967541,52.31037 4.96913"
7628,Gooiseweg,0,"52.308357 4.970964,52.308285 4.971038,52.308043 4.97126,52.307613 4.971645"
7633,Gooiseweg,50,"52.311698 4.96645,52.311747 4.966738,52.3118 4.966943,52.311859 4.967123,52.311875 4.967228,52.311864 4.9673,52.311818 4.967371,52.311587 4.967611"
7651,Gooiseweg,70,"52.317509 4.962621,52.313806 4.966009"
7652,Gooiseweg,0,"52.34846 4.920352,52.348728 4.922345,52.348756 4.92258,52.348766 4.922814,52.348767 4.923093,52.34875 4.923387,52.348733 4.923592,52.348716 4.923725,52.348689 4.923872,52.348636 4.924122,52.348583 4.924343,52.348521 4.924534,52.348432 4.924755,52.348298 4.925035,52.3482 4.925198,52.346609 4.927548,52.343124 4.93269,52.340648 4.936325,52.338468 4.939605"
7660,Gooiseweg,50,"52.31833 4.961153,52.318297 4.961238,52.318293 4.961354,52.318324 4.961439"
7665,Gooiseweg,50,"52.312279 4.966972,52.31227 4.967008,52.312064 4.96721"
7669,Gooiseweg,50,"52.31194 4.966858,52.311999 4.966972,52.312054 4.967065,52.312107 4.967077,52.312165 4.967069,52.312279 4.966972"
7670,Gooiseweg,70,"52.320478 4.960114,52.316931 4.963316"
7673,Gooiseweg,80,"52.311955 4.968336,52.311526 4.968736,52.31141 4.968831,52.311229 4.968941,52.311085 4.968998,52.310884 4.969049,52.310732 4.969132,52.310545 4.969247,52.310404 4.969288"
7674,Gooiseweg,50,"52.31232 4.967935,52.312536 4.967759,52.312571 4.967767"
7681,Gooiseweg,0,"52.320135 4.960219,52.319385 4.960902"
7683,Gooiseweg,70,"52.313851 4.966126,52.312846 4.96708,52.312246 4.967628,52.312156 4.967717,52.310404 4.969288"
7689,Vijzelgracht,50,"52.361522 4.891596,52.36201 4.891779"
7691,Gooiseweg,50,"52.348375 4.919384,52.348395 4.919795,52.34846 4.920352"
7694,Gooiseweg,50,"52.348231 4.919459,52.348314 4.919957,52.348407 4.92069"
7701,Gooiseweg,50,"52.312234 4.968037,52.311992 4.968268,52.311955 4.968336"
7702,Vijzelgracht,50,"52.360163 4.890982,52.360293 4.891029,52.360619 4.891169,52.361482 4.891468,52.362029 4.891651"
7705,Vijzelgracht,50,"52.360527 4.891241,52.360882 4.891363"
7710,Gooiseweg,100,"52.338234 4.939593,52.338064 4.939888,52.337217 4.94151,52.337145 4.941658,52.337003 4.941923,52.336407 4.943063"
7717,Gooiseweg,0,"52.348407 4.92069,52.348629 4.922375,52.348667 4.92283,52.348668 4.923094,52.348651 4.923373,52.348625 4.923623,52.34859 4.923829,52.348537 4.924064,52.348484 4.92427,52.348431 4.924447,52.348351 4.924653,52.348217 4.924919,52.348128 4.925081,52.346546 4.927416,52.344794 4.929988,52.343043 4.932544,52.340603 4.936135,52.338341 4.939401"
7727,Gooiseweg,0,"52.319385 4.960902,52.317509 4.962621"
7728,Gooiseweg,70,"52.32403 4.956687,52.32373 4.956973,52.321821 4.958679,52.321042 4.95939,52.320639 4.959746,52.320135 4.960219"
7738,Gooiseweg,50,"52.318628 4.9623,52.318659 4.962346,52.318701 4.962378,52.31875 4.96237"
7740,Gooiseweg,0,"52.310404 4.969288,52.308635 4.970873,52.308393 4.971096"
7750,Gooiseweg,80,"52.311978 4.96728,52.311634 4.967599,52.311587 4.967611"
7753,Vijzelgracht,50,"52.360882 4.891363,52.361522 4.891596"
7755,Gooiseweg,0,"52.308393 4.971096,52.307659 4.971762"
7758,Gooiseweg,70,"52.338361 4.939782,52.338155 4.940136,52.337397 4.94164,52.337227 4.94195,52.336977 4.942393,52.336495 4.943274"
7760,Gooiseweg,0,"52.338341 4.939401,52.338279 4.939504,52.338234 4.939593"
7784,Gooiseweg,70,"52.324075 4.956821,52.323856 4.957031,52.323775 4.95709,52.323103 4.957713,52.322646 4.958113,52.321338 4.959299,52.321096 4.959522,52.320478 4.960114"
7788,Gooiseweg,80,"52.311587 4.967611,52.311338 4.967852,52.31118 4.967994,52.310888 4.968398,52.310687 4.968732,52.310411 4.969043,52.31037 4.96913"
7793,Gooiseweg,70,"52.313851 4.966126,52.313693 4.966343,52.313515 4.966535,52.313395 4.966699,52.313176 4.967091,52.312993 4.967353,52.312571 4.967767"
7796,Gooiseweg,0,"52.338468 4.939605,52.338361 4.939782"
7868,Haarlemmer Houttuinen,50,"52.383404 4.887525,52.383172 4.88788,52.383064 4.88806,52.382978 4.88824"
7870,Haarlemmer Houttuinen,50,"52.382978 4.88824,52.382896 4.888412,52.382397 4.889548,52.38188 4.890611,52.381649 4.891099,52.381373 4.891748"
7886,Haarlemmer Houttuinen,30,"52.38112 4.891545,52.380844 4.892062,52.380585 4.892506,52.380514 4.892653,52.38047 4.892786,52.380372 4.893154"
7894,Haarlemmer Houttuinen,50,"52.385251 4.884004,52.385241 4.884102,52.385191 4.884301,52.385145 4.884428,52.385002 4.884694,52.384924 4.88483,52.384853 4.884919"
7900,Haarlemmer Houttuinen,50,"52.383806 4.886728,52.383476 4.887334,52.383404 4.887525"
8001,Haarlemmer Houttuinen,50,"52.384853 4.884919,52.384743 4.885045,52.384459 4.885539,52.384423 4.885636,52.383806 4.886728"
8003,Haarlemmer Houttuinen,50,"52.383075 4.888351,52.382737 4.889148,52.382523 4.889635,52.382301 4.890093,52.382016 4.890698,52.381775 4.891141,52.381552 4.891673,52.381489 4.891851"
8059,Stadhouderskade,50,"52.358532 4.889026,52.358435 4.889204,52.358332 4.889461,52.358247 4.889704,52.358177 4.889951,52.358123 4.890171,52.358073 4.89044,52.358034 4.890709,52.358031 4.890834"
8063,Stadhouderskade,50,"52.363774 4.878746,52.363748 4.878922,52.363659 4.879129,52.363525 4.879351,52.362972 4.880185"
8071,Stadhouderskade,50,"52.362889 4.880582,52.362851 4.880533,52.362774 4.880493,52.362686 4.880495"
8075,Stadhouderskade,50,"52.360569 4.885961,52.36015 4.886759"
8076,Stadhouderskade,50,"52.362686 4.880495,52.362824 4.880348"
8096,Stadhouderskade,50,"52.358031 4.890834,52.358039 4.891174,52.357917 4.892861"
8103,Stadhouderskade,50,"52.362972 4.880185,52.362824 4.880348"
8109,Stadhouderskade,50,"52.36188 4.881351,52.361736 4.881742"
8112,Stadhouderskade,50,"52.36239 4.880785,52.362184 4.88101,52.362041 4.881276,52.361961 4.881438,52.361833 4.881851"
8115,Stadhouderskade,50,"52.361736 4.881742,52.361649 4.882,52.361634 4.882185,52.361654 4.882292"
8155,Stadhouderskade,50,"52.357596 4.898437,52.357721 4.899159,52.357803 4.899292"
8170,Stadhouderskade,50,"52.361654 4.882292,52.361681 4.882526,52.361682 4.883161,52.361669 4.883432,52.361645 4.883641,52.361603 4.88385,52.361541 4.884042,52.361452 4.884248,52.3613 4.884543"
8178,Stadhouderskade,50,"52.361833 4.881851,52.361766 4.882072,52.361654 4.882292"
8179,Stadhouderskade,50,"52.358343 4.901796,52.358701 4.903511,52.358684 4.903803"
8182,Stadhouderskade,50,"52.359364 4.887964,52.359045 4.888301,52.358903 4.888467,52.358758 4.88869,52.358532 4.889026"
8185,Stadhouderskade,50,"52.362637 4.880327,52.362351 4.880644"
8186,Stadhouderskade,50,"52.357639 4.897898,52.357661 4.898053,52.357676 4.898354,52.357805 4.899058,52.357803 4.899292"
8210,Stadhouderskade,50,"52.362351 4.880644,52.361942 4.881218,52.36188 4.881351"
8226,Stadhouderskade,50,"52.357639 4.897898,52.357612 4.898018,52.35759 4.898337,52.357596 4.898437"
8227,Stadhouderskade,50,"52.357803 4.899292,52.358343 4.901796"
8239,Stadhouderskade,50,"52.362686 4.880495,52.36239 4.880785"
8269,Stadhouderskade,50,"52.3613 4.884543,52.361016 4.885093"
8273,Stadhouderskade,50,"52.357917 4.892861,52.357853 4.894162,52.357639 4.897898"
8274,Stadhouderskade,50,"52.362863 4.879989,52.362834 4.880101,52.362821 4.880194,52.362824 4.880348"
8288,Stadhouderskade,50,"52.36015 4.886759,52.359838 4.887335,52.359722 4.887527,52.359559 4.88776,52.359364 4.887964"
8301,Stadhouderskade,50,"52.362863 4.879989,52.362783 4.880152,52.362637 4.880327"
8321,Stadhouderskade,50,"52.36363 4.878733,52.363568 4.878895,52.363408 4.87919,52.36305 4.879664,52.362881 4.879945,52.362863 4.879989"
8335,Stadhouderskade,50,"52.361016 4.885093,52.360569 4.885961"
8340,Stadhouderskade,50,"52.362824 4.880348,52.362637 4.880327"
8343,Raadhuisstraat,50,"52.373227 4.890401,52.373258 4.890681"
8383,Raadhuisstraat,50,"52.373934 4.885264,52.373889 4.88552,52.373798 4.885753,52.373629 4.886034,52.373477 4.886388,52.373353 4.886911"
8443,Raadhuisstraat,50,"52.373142 4.890383,52.373098 4.890633"
8444,Raadhuisstraat,50,"52.373293 4.889665,52.37326 4.890282,52.373227 4.890401"
8447,Raadhuisstraat,50,"52.373328 4.888525,52.373309 4.889165"
8456,Raadhuisstraat,50,"52.373485 4.886923,52.373439 4.887425"
8477,Raadhuisstraat,50,"52.373165 4.889108,52.37316 4.889619"
8481,Raadhuisstraat,50,"52.373439 4.887425,52.373372 4.887962,52.373328 4.888525"
8490,Raadhuisstraat,50,"52.373309 4.889165,52.373293 4.889665"
8499,Raadhuisstraat,50,"52.373299 4.887411,52.373214 4.888485"
8599,Raadhuisstraat,50,"52.374033 4.885301,52.373924 4.885708,52.373558 4.886431,52.373485 4.886923"
8613,Raadhuisstraat,50,"52.373353 4.886911,52.373299 4.887411"
8615,Raadhuisstraat,50,"52.373214 4.888485,52.373165 4.889108"
8647,Raadhuisstraat,50,"52.37316 4.889619,52.373142 4.890383"
8701,De Boelelaan,0,"52.335156 4.86505,52.335191 4.861761"
8792,Johan van Hasseltweg,0,"52.389497 4.916944,52.389534 4.917041,52.389797 4.917418,52.389805 4.917476,52.389787 4.917551,52.389501 4.918316,52.389412 4.918546,52.389346 4.918682,52.389027 4.919539,52.388931 4.919807,52.389099 4.920187"
8925,Transformatorweg,0,"52.392656 4.863446,52.392742 4.863266,52.392882 4.863129,52.393019 4.863601,52.393027 4.863715,52.393025 4.863798,52.393009 4.863862,52.392979 4.863932,52.392952 4.863982,52.392781 4.864215,52.392537 4.864536,52.392464 4.864587,52.392403 4.864584,52.392167 4.864394"
9065,Johan van Hasseltweg,0,"52.385078 4.930454,52.384895 4.930585,52.384765 4.930879"
9100,Prins Hendrikkade,0,"52.379857 4.896172,52.379699 4.895989,52.37947 4.895655,52.379562 4.895466,52.379556 4.895396,52.379324 4.895061,52.378982 4.894577"
9110,Gooiseweg,0,"52.343273 4.933,52.3435 4.932643,52.34394 4.931834,52.344308 4.931231,52.344946 4.930258,52.345128 4.929995,52.345302 4.929721,52.345523 4.929399,52.345911 4.928793,52.346261 4.928234,52.346806 4.927409,52.347024 4.927088,52.347111 4.926982,52.347148 4.926957,52.34723 4.92696,52.347328 4.926985,52.347386 4.926983,52.347429 4.926933,52.347676 4.926569,52.347833 4.926317,52.347848 4.926262,52.347855 4.926186,52.347862 4.925982,52.347877 4.925939,52.347903 4.925888,52.348054 4.925662,52.348298 4.925279,52.348362 4.925162,52.348453 4.924981,52.348497 4.924875,52.348562 4.924702,52.348669 4.924343,52.348717 4.924147,52.348796 4.923742,52.348812 4.923614,52.348836 4.923339,52.34885 4.923078,52.348849 4.922806,52.34884 4.922601,52.348803 4.922249,52.348647 4.921137,52.348644 4.921073,52.348659 4.92104,52.348722 4.920985"
9111,Gooiseweg,0,"52.342881 4.932273,52.343161 4.931849,52.343389 4.931584,52.343906 4.930957,52.343975 4.930881,52.34414 4.930658,52.34448 4.930158,52.344647 4.929925,52.345118 4.929213,52.345442 4.928779,52.345791 4.928335,52.345901 4.928179,52.346094 4.927924,52.346487 4.927332,52.34694 4.926674,52.346954 4.926596,52.346975 4.926087,52.346995 4.926013,52.347434 4.925366,52.347486 4.925336,52.347572 4.92535,52.347734 4.925363,52.347764 4.925361,52.348154 4.924805,52.348254 4.924615,52.348349 4.92441,52.348459 4.924096,52.348535 4.923794,52.348564 4.923594,52.348577 4.923441,52.348594 4.923135,52.348594 4.92291,52.348587 4.922737,52.348572 4.922539,52.348555 4.922357,52.348499 4.921932,52.348425 4.92144,52.348407 4.921408,52.348379 4.921382,52.348356 4.921386"
9112,Orlyplein,0,"52.386788 4.839088,52.386255 4.839123,52.386121 4.839168,52.386067 4.839316,52.386044 4.839395"
9113,Orlyplein,0,"52.386044 4.839395,52.386022 4.839258,52.386021 4.839008,52.386029 4.838876,52.386047 4.838758,52.386086 4.838628,52.386173 4.838498,52.38664 4.838263"
9114,Orlyplein,0,"52.38664 4.838263,52.387305 4.838055,52.387832 4.837972,52.388191 4.837909,52.388371 4.837892,52.38847 4.837979,52.388533 4.838096,52.388543 4.838272,52.388554 4.838698,52.388547 4.839109,52.388494 4.839271,52.388431 4.839316,52.387982 4.839322,52.387784 4.839309,52.387649 4.839267,52.38755 4.839195,52.387469 4.839122,52.387351 4.83905,52.386788 4.839088"
9116,Orlyplein,0,"52.38664 4.838263,52.386646 4.838827,52.386698 4.839022,52.386721 4.839058,52.386788 4.839088"
9118,De Boelelaan,50,"52.334995 4.872292,52.334999 4.873315"
9119,De Boelelaan,50,"52.334999 4.873315,52.335001 4.87369,52.334998 4.875034"
9143,Spaarndammerdijk,0,"52.386243 4.84737,52.387138 4.847338,52.388196 4.847325,52.388342 4.847308,52.388603 4.847349"
9193,Basisweg,50,"52.391608 4.844952,52.391765 4.845019,52.391882 4.845047,52.39198 4.84505"
9194,Basisweg,50,"52.391639 4.843363,52.391982 4.843371"
9198,De Boelelaan,0,"52.335156 4.86505,52.335175 4.865503,52.335212 4.865819,52.335217 4.866069,52.33522 4.866499,52.335247 4.866736,52.335324 4.866901,52.335474 4.86716,52.335551 4.867321,52.335579 4.867442,52.335579 4.86759,52.335544 4.867679,52.335494 4.867742,52.335427 4.867802,52.335335 4.867803,52.335264 4.86773,52.335212 4.867612,52.335196 4.867469,52.335204 4.866798,52.335184 4.865831,52.335018 4.865195"
